from,to,relation,time,source,what,,
amil,anne,3,2019,,Amili war Support bei AMK,,
amil,anne,4,2019,https://themellowmusic.com/amilli-singt-mit-annenmaykantereit-bang-bang/,gemeinsames Cover: Bang Bang,,
amil,blon,1,2019,https://www.festivalhopper.de/festival/tickets/kosmonaut-festival-2019.php,Kosmonauten Festival,,
amil,blon,1,2019,https://www.festivalhopper.de/festival/tickets/kosmonaut-festival-2019.php,Nürnberg Pop Festival,,
amil,bruc,1,2019,,Reeperbahn Festival,,
amil,boss,1,2019,,PULS OpenAir,,
amil,dran,1,2019,https://nuernberg-pop.com/history/,Nürnberg Pop Festival,,
amil,dran,1,2019,,Zürich Zuhause Festival,,
amil,gian,3,2019,https://allgood.de/features/interviews/die-sehen-mich-als-kleine-suesse-saengerin-die-keine-ahnung-hat/,Supportact bei Giant Tour,,
amil,kraf,1,2019,https://www.festivalhopper.de/festival/tickets/lollapalooza-berlin-2019.php,Lollapalooza,,
amil,leon,1,2019,,Reeperbahn Festival,,
amil,leon,1,2019,,PULS OpenAir,,
amil,leon,1,2019,,Juicy Beats,,
amil,leon,1,2019,,Kosmonauten Festival,,
amil,leon,1,2020,,c/o Pop Festival,,
amil,lion,1,2019,https://www.seatsounds-kioskkonzerte.de/,SEATsounds,,
amil,lisa,1,2019,https://www.musikblog.de/2019/09/reeperbahn-festival-2019/,Reeperbahn Festival,,
amil,mill,1,2019,https://www.handwritten-mag.de/festival-sommer-2019-alternative-indie/,About you Pangea Festival,,
amil,mine,1,2019,,PULS OpenAir,,
amil,mine,1,2019,,Lollapalooza,,
amil,olli,1,2019,https://www.festivalhopper.de/festival/tickets/lollapalooza-berlin-2019.php,Lollapalooza,,
amil,prov,1,2019,,Reeperbahn Festival,,
amil,prov,1,2019,,c/o Pop Festival,,
amil,rika,1,2019,,Juicy Beats,,
amil,rika,1,2019,,PULS OpenAir,,
amil,rika,1,2019,,About You Pangea Festival,,
amil,vonw,1,2019,https://www.festivalhopper.de/festival/tickets/kosmonaut-festival-2019.php,Kosmonauten Festival,,
anne,bild,1,2015,https://www.festivalhopper.de/festival/tickets/haldern-pop-festival-2017.php,Haldern Pop Festival,,
anne,bild,1,2015,,Melt,,
anne,bild,3,2016,,AMK waren Vorband von Bilderbuch,,
anne,bild,1,2017,,Haldern Pop Festival,,
anne,bild,1,2017,,Kosmonauten Festival,,
anne,bild,1,2020,,FM4 Frequency Festival,,
anne,bona,1,2016,,Highfield,,
anne,bona,1,2017,,Lollapalooza,,
anne,bona,1,2017,,Rock am Ring,,
anne,bona,1,2017,,Rock im Park,,
anne,boss,1,2015,,Casper Castival Dortmund,,
anne,boss,1,2016,,Southside Festival,,
anne,boss,1,2019,,PULS Open Air,,
anne,bruc,1,2020,https://www.facebook.com/BrucknerMusik/photos/a.452722924770709/3033783803331262/?type=3,Stream for Water Festival,,
anne,dieh,4,2017,https://www.festivalhopper.de/festival/tickets/haldern-pop-festival-2017.php,Gemeinsamer Song: Farbfilm 2020,,
anne,dieh,1,2019,,Haldern Pop Festival,,
anne,dieh,1,2019,,Kosmonaut,,
anne,dran,1,2017,,Deichbrand Rock Festival,,
anne,dran,1,2019,,Highfield,,
anne,fabe,2,n/a,,Irrsinn Tonträger,,
anne,fabe,1,2016,,Appletree Garden Festival,,
anne,fabe,1,2017,,C/o Pop Festival,,
anne,fabe,1,2017,,Haldern Pop Festival,,
anne,fabe,1,2017,Festival Hopper,Orange Blossom Special,,
anne,fabe,1,2019,,Highfield,,
anne,fabe,1,2019,,Szeneopenair,,
anne,fabe,1,2019,,Southside,,
anne,fabe,1,2019,,Hurricane,,
anne,fabe,1,2020,Festival Hopper,"AMK ""Mit Freunden"" Konzert",,
anne,filb,1,2017,https://www.festivalhopper.de/festival/tickets/kosmonaut-festival-2017.php,Kosmonaut,,
anne,filb,3,2019,,Vorband von AMK,,
anne,gian,1,2017,https://www.festivalhopper.de/festival/tickets/haldern-pop-festival-2017.php,Haldern Pop Festival,,
anne,gian,1,2017,https://www.festivalhopper.de/festival/tickets/haldern-pop-festival-2017.php,Dockville,,
anne,gian,1,2017,https://www.festivalhopper.de/festival/tickets/haldern-pop-festival-2017.php,Kosmonaut,,
anne,gian,1,2017,https://www.festivalhopper.de/festival/tickets/haldern-pop-festival-2017.php,Orange Blossom Special,,
anne,gian,1,2017,https://www.festivalhopper.de/festival/tickets/haldern-pop-festival-2017.php,Juicy Beats,,
anne,gian,4,2019,https://www.festivalhopper.de/festival/tickets/haldern-pop-festival-2017.php,gemeinsames Cover Toms Diner,,
anne,kraf,1,2015,,Rocco del Schlacko,,
anne,kraf,1,2015,,Rock am Ring,,
anne,kraf,1,2017,,Rock im Park,,
anne,leon,1,2015,,Orange Blossom Special,,
anne,leon,1,2017,,Kosmonaut,,
anne,leon,1,2019,,Juicy Beats,,
anne,leon,1,2019,,Southside,,
anne,leon,1,2019,,PULS Open Air,,
anne,leon,3,2019,,Vorband von AMK,,
anne,milk,4,2015,,gemeinsames Cover Roxanne,,
anne,mill,1,2015,https://www.festivalhopper.de/festival/tickets/co-pop-2015.php,C/o Pop Festival,,
anne,mill,1,2015,,Feel Festival,,
anne,mill,1,2015,,Pfingst OpenAir,,
anne,mill,1,2019,,Szene OpenAir,,
anne,mine,1,2017,,Kosmonauten Festival,,
anne,mine,1,2019,,PULS OpenAir,,
anne,mine,1,2019,,Szene OpenAir,,
anne,olli,1,2015,,Taubertal Festival,,
anne,olli,1,2015,,Haldern Pop Festival,,
anne,olli,1,2016,,Highfield,,
anne,razz,1,2015,https://www.festivalhopper.de/festival/tickets/rock-am-ring-2017.php,Rocco del Schlacko,,
anne,razz,1,2015,https://www.festivalhopper.de/festival/tickets/rock-am-ring-2017.php,Kosmonaut,,
anne,razz,1,2015,https://www.festivalhopper.de/festival/tickets/rock-am-ring-2017.php,Rock am Brocken,,
anne,razz,1,2015,,Pangea Festival,,
anne,razz,1,2016,http://www.juicybeats.net/de,Chiemsee Summer,,
anne,razz,1,2016,,Juicy Beats,,
anne,razz,1,2017,,Rock im Park,,
anne,razz,1,2017,,Rock am Ring,,
anne,razz,1,2017,,MS Dockville,,
anne,rika,1,2017,,Vorband auf Tour,,
anne,rika,1,2019,https://www.festivalhopper.de/festival/tickets/juicy-beats-2019.php,Juicy Beats,,
anne,schm,1,2015,,Taubertal Festival,,
anne,schm,1,2015,https://www.festivalhopper.de/festival/tickets/highfield-2019.php,Rocco del Schlacko,,
anne,schm,1,2015,https://www.festivalhopper.de/festival/tickets/highfield-2019.php,Kosmonaut,,
anne,schm,1,2015,https://www.festivalhopper.de/festival/tickets/highfield-2019.php,Rock am Brocken,,
anne,schm,1,2016,,Hurricane,,
anne,schm,1,2016,,Southside Festival,,
anne,schm,1,2016,,Happiness Festival,,
anne,schm,1,2016,https://www.festivalhopper.de/festival/tickets/highfield-2019.php,Highfield,,
anne,schm,1,2017,https://www.festivalhopper.de/festival/tickets/highfield-2019.php,Deichbrand,,
anne,schm,1,2017,https://www.festivalhopper.de/festival/tickets/highfield-2019.php,Rock am Ring,,
anne,schm,1,2017,https://www.festivalhopper.de/festival/tickets/highfield-2019.php,Rock im Park,,
anne,schm,1,2019,,Hurricane,,
anne,schm,1,2019,,Southside Festival,,
anne,schm,1,2019,https://www.festivalhopper.de/festival/tickets/highfield-2019.php,Highfield,,
anne,schn,1,2015,,Campus Festival Bielefeld,,
anne,schn,1,2017,https://www.festivalhopper.de/festival/tickets/deichbrand-rockfestival-am-meer-2017.php,Deichbrand,,
anne,schn,1,2017,https://www.festivalhopper.de/festival/tickets/deichbrand-rockfestival-am-meer-2017.php,Rock am Ring,,
anne,schn,1,2017,https://www.festivalhopper.de/festival/tickets/deichbrand-rockfestival-am-meer-2017.php,Rock im Park,,
anne,tonb,1,2015,,Pfingst OpenAir,,
anne,tonb,1,2015,,Die neuen deutschen Poeten,,
anne,vonw,3,2015,,Vorband von AMK,,
anne,vonw,1,2016,,Fusion,,
anne,vonw,1,2016,,AnnenMayKantereit OpenAir,,
anne,vonw,1,2017,,Haldern Pop Festival,,
anne,vonw,1,2017,,Dockville,,
anne,vonw,1,2017,,Kosmonaut,,
anne,vonw,1,2019,,Highfield,,
anne,vonw,1,2020,,FM4 Frequency Festival,,
anne,vonw,1,2019,,"Highfield, FM4 Frequency Festival",,
anne,wand,1,2015,,C/O Pop,,
anne,wand,1,2015,,Appletree Garden Festival,,
anne,wand,1,2015,,Open Air St. Gallen,,
anne,wand,1,2015,,Melt,,
anne,wand,1,2015,,Feel Festival,,
anne,wand,1,2015,,Modular Festival,,
anne,wand,1,2015,,Way Back When Festival,,
anne,wand,1,2015,,Pfingst OpenAir,,
anne,wand,1,2015,,Kosmonaut,,
anne,wand,1,2016,,Gurtenfestival,,
anne,wand,1,2016,,Highfield,,
anne,wand,1,2016,,Hurricane,,
anne,wand,1,2016,,Southside,,
anne,wand,1,2016,,Juicy Beats,,
anne,wand,1,2016,,Chiemsee Summer,,
anne,wand,1,2017,,Lollapalooza,,
anne,wand,1,2017,,25 Jahre Intro Düsseldorf Tonight,,
anne,wand,1,2017,,Deichbrand,,
aetn,avec,1,2020,https://blog.ticketmaster.de/musik/c-o-pop-koeln-2020-line-up-6229/,c/o Pop Festival,,
aetn,bona,1,2019,,Apple Tree Garden Festival,,
aetn,boss,1,2020,,Zeitgleich Festival,,
aetn,filb,2,n/a,,gleiches Label,,
aetn,filb,1,2018,,Fusion,,
aetn,filb,1,2019,,Appletree Garden,,
aetn,gian,1,2018,,Fusion,,
aetn,gian,1,2018,,Aplletree Garden,,
aetn,leon,1,2018,,Fusion,,
aetn,leon,1,2020,,c/o POP Festival,,
aetn,lisa,1,2019,,Appletree Garden Festival,,
aetn,prov,1,2020,https://blog.ticketmaster.de/musik/c-o-pop-koeln-2020-line-up-6229/,c/o Pop Festival,,
aetn,razz,1,2019,,Bands in Town,,
aetn,schm,1,2016,,Musikclub OpenAir Lembach,,
aetn,schn,1,2018,,Fusion,,
aetn,vonw,1,2018,,Fusion,,
avec,dran,1,2016,,Acoustic Lakeside Festival,,
avec,fabe,1,2016,,Acoustic Lakeside Festival,,
avec,fabe,1,2016,,Poolbar Festival,,
avec,fabe,1,2017,,Free Tree Open Air,,
avec,filb,1,2018,,Fusion,,
avec,prov,1,2020,https://blog.ticketmaster.de/musik/c-o-pop-koeln-2020-line-up-6229/,c/o Pop Festival,,
bild,blac,1,2019,,Gurtenfestival,,
bild,boss,1,2020,,Deichbrand Rockfestival am Meer,,
bild,dieh,1,2017,,Haldern Pop Festival,,
bild,dieh,1,2018,,Popsalon,,
bild,fabe,1,2017,,Haldern Pop,,
bild,fabe,1,2019,,Gurtenfestival,,
bild,fabe,1,2019,,Hurricane,,
bild,fabe,1,2019,,Southside,,
bild,filb,1,2016,,MS Dockville,,
bild,filb,1,2017,,OULS,,
bild,filb,1,2017,,Kosmonaut,,
bild,filb,1,2018,,Szene OpenAir,,
bild,frit,1,2016,,MSDockville,,
bild,frit,1,2016,,Southside,,
bild,frit,1,2016,,Hurricane,,
bild,frit,1,2017,,Juicy Beats,,
bild,frit,1,2017,,Southside,,
bild,frit,1,2017,,Hurricane,,
bild,frit,1,2019,,Immergut Festival,,
bild,gian,1,2017,,Juicy Beats,,
bild,gian,1,2017,,Kosmonaut,,
bild,gian,1,2018,,Rock am Ring,,
bild,gian,1,2018,,Rock im Park,,
bild,kett,1,2018,,Deichbrand,,
bild,kett,1,2018,,Rock am Ring,,
bild,kett,1,2018,,Rock im Park,,
bild,kett,1,2018,,Sziget,,
bild,kraf,1,2015,,Rock am Ring,,
bild,kraf,1,2015,,Rock im Park,,
bild,kraf,1,2015,,Szene OpenAir,,
bild,kraf,1,2015,,Deichbrand,,
bild,kraf,1,2018,,Szene OpenAir,,
bild,leon,1,2017,,Kosmonaut,,
bild,leon,1,2018,,Szene OpenAir,,
bild,leon,1,2019,,Southside,,
bild,leon,1,2019,,Hurricane,,
bild,leon,1,2019,,Immergut,,
bild,lisa,1,2019,,Watt en Schlick Festival,,
bild,milk,1,2016,,MS Dockville,,
bild,milk,1,2016,,Lollapalooza,,
bild,milk,1,2017,,Southside Festival,,
bild,milk,1,2017,,Hurricane,,
bild,milk,1,2018,,Rock im Park,,
bild,milk,1,2018,,Rock am Ring,,
bild,milk,1,2018,,Sziget Festival,,
bild,milk,1,2020,,Deichbrand Rockfestival am Meer,,
bild,mill,1,2017,,PULS OpenAir,,
bild,mill,1,2018,,Deichbrand,,
bild,mill,1,2018,,Rock im Park,,
bild,mill,1,2018,,Rock am Ring,,
bild,mine,1,2015,,Traumzeit Festival,,
bild,mine,1,2018,,Kosmonaut,,
bild,olli,1,2015,,Haldern Festival,,
bild,razz,1,2018,,Deichbrand,,
bild,razz,1,2018,,Highfield,,
bild,rika,1,2018,https://www.festivalsunited.com/festivals.php?op=showf&popsalon-osnabrueck-2018&fid=4874,Popsalon,,
bild,schm,1,2015,,Rock am Ring,,
bild,schm,1,2015,,Rock im Park,,
bild,schm,1,2015,,Serengeti Festival,,
bild,schm,1,2019,,Hurricane,,
bild,schm,1,2019,,Southside,,
bild,schn,1,2015,,Wattenschlick,,
bild,schn,1,2016,,MS Dockville,,
bild,schn,1,2016,,Open Source Festival,,
bild,tonb,1,2015,,Deichbrand,,
bild,tonb,1,2015,,Die neuen deutschen Poeten,,
bild,vonw,1,2017,,PulsOpenAir,,
bild,vonw,1,2017,,Melt,,
bild,vonw,1,2017,,Kosmonaut,,
bild,vonw,1,2017,,Haldernpop,,
bild,vonw,1,2018,,Deichbrand,,
bild,vonw,1,2019,,FM 4 Frequency Festival,,
bild,wand,1,2015,,Wiesen Festival,,
bild,wand,1,2015,,Melt,,
bild,wand,1,2015,,Nuke,,
bild,wand,1,2015,,Traumzeit Festival,,
bild,wand,1,2015,,Wattenschlick,,
bild,wand,1,2016,,Tollwood,,
bild,wand,1,2017,,OpenAirSg,,
blac,boss,1,2020,,Zeitgleich Festival,,
blac,dran,1,2019,,Juicy Beats,,
blac,fabe,1,2019,,OpenAir St. Gallen,,
blac,fibe,1,2019,,Fusion,,
blac,filb,1,2019,,OpenAir St. Gallen,,
blac,leon,1,2017,,Open Air St. Gallen,,
blac,lisa,1,2019,,Fusion,,
blac,rika,1,2019,https://www.singoldsand-festival.de,Singoldsand Festival,,
blac,rika,1,2020,https://m.facebook.com/kulturinselwoehrmuehle/photos/a.131980284911011/279376410171397/?type=3&source=48&__tn__=EHH-R,Kulturinsel Wöhrmühle,,
blac,wand,1,2019,,Zürich OpenAir,,
blon,bona,1,2019,,Modular Festival,,
blon,dieh,1,2017,,Kosmonaut,,
blon,dieh,1,2018,,PULS,,
blon,dran,4,2020,,Sanifär Millionär,,
blon,fabe,1,2018,,PULS,,
blon,fibe,4,2020,,Sanifär Millionär,,
blon,fibe,1,2019,,Vorband und Jenseits von Millionen,,
blon,filb,1,2017,,Kosmonaut,,
blon,filb,1,2018,,Fusion,,
blon,filb,1,2019,,Appletree Garden,,
blon,filb,1,2019,,Kosmonaut,,
blon,frit,1,2019,,Modular Festival,,
blon,gian,1,2017,,Kosmonaut,,
blon,gian,1,2018,,Fusion,,
blon,kraf,1,2018,,Blonde war Vorband von Kraftklub auf Tour,,
blon,leon,4,2020,,Sanifär Millionär,,
blon,leon,3,2019,,Blonde war Vorband für Leoniden,,
blon,leon,1,2017,,Kosmonaut,,
blon,leon,1,2018,,Fusion,,
blon,leon,1,2020,,c/o POP Festival,,
blon,lisa,1,2019,,Watt en Schlick Festival,,
blon,lisa,1,2019,,Appletree Garden Festival,,
blon,milk,1,2016,,Dockville,,
blon,milk,1,2016,,Lollapalozza,,
blon,milk,1,2017,,Soutside,,
blon,milk,1,2017,,Hurricane,,
blon,milk,1,2018,,Rock am Ring,,
blon,milk,1,2018,,Rock im Park,,
blon,milk,1,2018,,Deichbrand,,
blon,milk,1,2018,,Sziget,,
blon,mill,1,2017,,PULS,,
blon,mill,1,2018,,Rock im Park,,
blon,mill,1,2018,,Rock am Ring,,
blon,mill,1,2018,,Deichbrand,,
blon,mine,1,2017,,Kosmonaut,,
blon,mine,1,2019,,Dockville,,
blon,olli,1,2018,,Rock am Brocken,,
blon,prov,1,2020,,c/o POP Festival,,
blon,razz,1,2018,,Rock am Brocken,,
blon,rika,4,2020,,Sanifär Millionär,,
blon,rika,1,2018,,Reperbahn Festival,,
blon,rika,1,2019,,Unter einem Dach,,
blon,rika,1,2019,,MS Dockville,,
blon,schn,1,2017,,Campusfest Leipzig,,
blon,schn,1,2018,,Fusion,,
blon,vonw,4,2020,,Sanifär Millionäre,,
blon,vonw,1,2017,,Campusfest Leipzig,,
blon,vonw,1,2017,,Kosmonaut,,
blon,vonw,1,2018,,Fusion,,
blon,vonw,1,2018,,Rocken am Brocken,,
blon,vonw,1,2019,,MS Dockville,,
blon,vonw,3,2019,,Blonde war Vorband für Von Wegen Lisbeth,,
bona,dieh,1,2018,https://www.tonspion.de/news/malzwiese-festival-2018-berlin-mit-bonaparte-die-hoechste-eisenbahn-und-leyya,Malziese Festival,,
bona,dran,1,2017,https://www.musikexpress.de/klubtour-2017-wir-bringen-dj-hell-drangsal-bonaparte-und-co-in-eure-stadt-831037/,Klubtour,,
bona,filb,1,2019,https://sound-of-the-forest.de/history/,Sound of the Forest,,
bona,filb,1,2017,https://www.festivalhopper.de/festival/tickets/gurten-festival-2017.php,Gurten 2017,,
bona,filb,1,2018,https://archiv.fusion-festival.de/2018/2018/programm/band/index.html,Fusion 2018,,
bona,filb,1,2019,https://www.festivalhopper.de/festival/tickets/appletree-garden-festival-2019.php,Appletree Garden 2019,,
bona,frit,1,2019,https://www.festivalsunited.com/festivals.php?op=showf&rocken-am-brocken-2019&fid=6495,Rocken am Brocken,,
bona,frit,1,2016,https://www.festivalhopper.de/festival/tickets/utopia-island-festival-2016.php,Utopia Island 2016,,
bona,frit,1,2016,https://www.festivalhopper.de/festival/tickets/deichbrand-rockfestival-am-meer-2016.php,Deichbrand 2016,,
bona,frit,1,2019,https://de.wikipedia.org/wiki/Modular_Festival,Modular Festival 2019,,
bona,frit,1,2019,https://de.wikipedia.org/wiki/Rocken_am_Brocken,Rocken am Brocken 2019,,
bona,gian,1,2019,https://www.festivalsunited.com/festivals.php?op=showf&rocken-am-brocken-2019&fid=6495,Rocken am Brocken,,
bona,gian,1,2018,https://archiv.fusion-festival.de/2018/2018/programm/band/index.html,Fusion 2018,,
bona,gian,1,2019,https://www.festivalhopper.de/festival/tickets/appletree-garden-festival-2019.php,Appletree Garden 2019,,
bona,kraf,1,2018,https://de.wikipedia.org/wiki/Southside_(Festival),Southside,,
bona,kraf,1,2018,https://de.wikipedia.org/wiki/Southside_(Festival),Hurricane,,
bona,leon,1,2019,https://www.swp.de/unterhaltung/musik/bonaparte_-viagra-boys-und-15-weitere-bands-bekannt-30591319.html,Obstwiesenfestival,,
bona,leon,1,2018,https://www.festivalhopper.de/bands/karten/bonaparte.php,Zürich Open Air,,
bona,mill,1,2016,https://www.festivalhopper.de/bands/karten/bonaparte.php,Deichbrand,,
bona,olli,1,2016,https://www.festivalhopper.de/bands/karten/olli-schulz.php,Highfield,,
bona,razz,1,2018,https://www.tonspion.de/news/malzwiese-festival-2018-berlin-mit-bonaparte-die-hoechste-eisenbahn-und-leyya,Malzwiesefestival,,
bona,razz,1,2015,https://www.festivalsunited.com/festivals.php?op=showf&stuttgart-festival-2015&fid=2299,Stuttgart Festival,,
bona,razz,1,2017,,Rock am Ring,,
bona,razz,1,2017,,Rock im Park,,
bona,rika,2,2019,,Columbia,,
bona,rika,1,2018,https://herzmukke.de/magazin/malzwiese/,Malzwiesefestival,,
bona,schm,1,2017,https://m.facebook.com/RockimPark/photos/a.263334004479/10154569426834480/?type=3,Rock im Park,,
bona,schm,1,2017,,Rock am Ring,,
bona,schm,1,2016,https://festivalisten.de/77330-highfield-2016-veroeffentlicht-zeitplan/,Highfield,,
bona,schn,1,2016,https://www.festivalticker.de/2016/festivals/im_gruenen_festival/,Im Grünen Festival,,
bona,schn,1,2017,https://www.giga.de/events/rock-am-ring/news/rock-am-ring-2016-line-up-bands-termin-tickets-und-infos/,Rock am Ring,,
bona,schn,1,2017,https://www.giga.de/events/rock-am-ring/news/rock-am-ring-2016-line-up-bands-termin-tickets-und-infos/,Rock im Park,,
bona,schn,1,2018,https://www.nordkurier.de/kultur-und-freizeit/olli-schulz-und-schnipo-schranke-auf-dem-fusion-festival-2032365906.html,Fusion,,
bona,tonb,1,2018,https://www.google.com/search?q=southside+2018&client=firefox-b-d&sxsrf=ALeKk03XzgZbYvI7RKNtXNnyzNy76v43RA:1615108056537&tbm=isch&source=iu&ictx=1&fir=9yGmj7KJHLj-nM%252Cgw3Br_N8_GFMvM%252C_&vet=1&usg=AI4_-kRFp14IFazzS7q6CtA8lC3sa6c_IA&sa=X&ved=2ahUKEwiRgO-v6p3vAhWDDewKHXG-BgQQ9QF6BAgEEAE&biw=1536&bih=750#imgrc=9yGmj7KJHLj-nM,Southside,,
bona,tonb,1,2018,https://www.google.com/search?q=southside+2018&client=firefox-b-d&sxsrf=ALeKk03XzgZbYvI7RKNtXNnyzNy76v43RA:1615108056537&tbm=isch&source=iu&ictx=1&fir=9yGmj7KJHLj-nM%252Cgw3Br_N8_GFMvM%252C_&vet=1&usg=AI4_-kRFp14IFazzS7q6CtA8lC3sa6c_IA&sa=X&ved=2ahUKEwiRgO-v6p3vAhWDDewKHXG-BgQQ9QF6BAgEEAE&biw=1536&bih=750#imgrc=9yGmj7KJHLj-nM,Hurricane,,
bona,vonw,1,2016,https://www.google.com/search?q=utopia+island+2016&tbm=isch&ved=2ahUKEwj64N2x6p3vAhUQt6QKHWqMA6YQ2-cCegQIABAA&oq=utopia+island+2016&gs_lcp=CgNpbWcQAzoECAAQQzoCCAA6BwgjEOoCECc6BAgjECc6BQgAELEDOgQIABAeOgYIABAFEB46BAgAEBM6BggAEB4QEzoICAAQBRAeEBM6BAgAEBhQ3agOWNvLDmC7zQ5oAXAAeAOAAa4CiAGlGJIBCDIyLjcuMS4xmAEAoAEBqgELZ3dzLXdpei1pbWewAQrAAQE&sclient=img&ei=3JdEYPqCG5DukgXqmI6wCg&bih=750&biw=1536&client=firefox-b-d#imgrc=S2tUtRVjGYoSNM,Utopia Island Festival,,
bona,vonw,1,2018,https://www.fusion-festival.de/de/x/home,Fusion,,
bona,vonw,2,2019,,Columbia,,
bona,vonw,2,2019,,Sony Music,,
bona,vonw,1,2016,https://www.vonwegenlisbeth.de/alte-konzerte/,Tour,,
boss,dieh,1,2020,https://www.musikexpress.de/zeitgleich-festival-live-streaming-event-mit-bosse-und-aetna-1584145/,Zeitgleich,,
boss,dieh,1,2019,https://www.southside.de/de/infos/news/das-war-das-southside-festival-2019/,Southside,,festivalbühne online
boss,dieh,1,2019,https://www.southside.de/de/infos/news/das-war-das-southside-festival-2019/,Hurricane,,
boss,dran,1,2017,https://www.regioactive.de/news/2017/05/08/rocken-am-brocken-im-august-2017-mit-bosse-drangsal-milliarden-uvm-pVB6hb9yJd.html,Rocken am Brocken,,
boss,fabe,2,2016,,Vertigo,,festivalbühne
boss,fabe,1,2017,https://www.festivalhopper.de/bands/karten/faber.php,Berfestival,,
boss,fabe,1,2019,https://www.festivalhopper.de/bands/karten/faber.php,Hurricane,,
boss,fabe,1,2019,https://www.festivalhopper.de/bands/karten/faber.php,Southside,,
boss,fabe,1,2019,https://www.festivalhopper.de/bands/karten/bosse.php,Open Air St. Gallen,,
boss,filb,1,2019,https://www.musikexpress.de/mit-nura-bosse-shame-und-serious-klein-kosmonaut-festival-2019-verkuendet-erste-bands-1168771/,Kosmonaut,,
boss,frit,1,2017,https://www.festivalhopper.de/festival/tickets/highfield-2017.php,Highfield,,festivalbühne
boss,frit,1,2019,https://www.festivalhopper.de/festival/tickets/open-flair-festival-2019.php,Open Flair,,festivalbühne
boss,frit,1,2019,https://www.festivalhopper.de/festival/tickets/taubertal-festival-2019.php#lineup,Taubertal,,festivalbühne
boss,kett,2,2019,https://tvnoir.de/video/bosse-landungsbruecken-raus-kettcar-cover/,Cover,,festivalbühne
boss,kraf,1,2017,,Highfield,,
boss,kraf,1,2019,https://www.facebook.com/bossemusik/photos/a.176406435706418/2792300080783694/?type=3&comment_id=2792412754105760,Kosmonaut,,
boss,leon,1,2019,https://www.facebook.com/pulsopenair/photos/ihr-wollt-leoniden-bosse-oder-annenmaykantereit-sehen-aber-das-konzert-in-eurer-/1019371828263507/,Puls Open Air,,festival
boss,leon,1,2020,"https://www.ndr.de/nachrichten/niedersachsen/hurricane_festival/Hurricane-2020-virtuell-mit-Abstand-Musik-ohne-Fans,hurricane4104.html",Hurricane,,festival
boss,leon,1,2019,https://fastforward-magazine.de/sziget-festival-2019-bosse-leoniden-sophie-hunger-hearts-hearts-und-viele-weitere-fuer-die-europe-stage-bestaetigt/,Sziget Festival,,festival video Dreh
boss,leon,1,2019,https://www.nord24.de/zeven/Hurricane-Festival-Bilder-vom-ersten-Tag-28568.html,Hurricane,,
boss,leon,1,2019,https://www.kosmonaut-festival.de/acts/,Kosmonaut,,
boss,milk,1,2017,,Highfield,,
boss,milk,2,2018,,Vertigo,,
boss,mill,1,2019,https://www.festivalhopper.de/bands/karten/bosse.php,Taubertal,,
boss,mill,1,2017,https://www.festivalhopper.de/bands/karten/milliarden.php,Open Flair,,
boss,mill,2,2018,,Vertigo,,
boss,mine,1,2019,https://www.br.de/presse/inhalt/pressemitteilungen/puls-open-air-headliner-100.html,Puls Open Air,,
boss,razz,1,2016,https://m.facebook.com/summernightssigmaringen/photos/a.1578322969077065/1736052216637472/?type=3&__tn__=-R,Summernight Festival,,
boss,razz,1,2016,http://www.das-sommerfestival.de/,Asta Sommerfestival,,
boss,razz,1,2016,http://www.chiemsee-summer.de/,Chiemsee Summer,,
boss,razz,1,2016,http://www.rocco-del-schlacko.de/,Rocco del Schlacko,,
boss,razz,1,2016,https://feel-festival.de/timetable-2016/,Feel Festival,,
boss,razz,1,2017,http://www.rocken-am-brocken.de/,Rocken am Brocken,,
boss,razz,1,2018,http://www.deichbrand.de/,Deichbrand,,
boss,razz,1,2018,http://www.highfield.de/,Highfield,,
boss,rika,1,2019,https://www.br.de/puls/musik/aktuell/puls-open-air-2019-zweite-bandwelle-100.html,Puls Open Air,,
boss,rika,1,2017,,Rocke am Brocken,,
boss,schm,1,2016,https://www.rbb-online.de/unternehmen/presse/presseinformationen/programm/2016/05/20160517_fritz_deutschpoeten_2016.html,Fritz DeutschPoeten,,
boss,schm,1,2016,,Hurricane,,
boss,schm,1,2016,,Southside,,
boss,schm,1,2019,,Hurricane,,
boss,schm,1,2019,,Southside,,
boss,schm,1,2017,http://www.helene-beach-festival.de/,Helene Beach Festival,,
boss,schm,1,2015,http://happiness-festival.de/,Happiness,,
boss,vonw,1,2018,https://www.vonwegenlisbeth.de/das-fest/,Das Fest Karlsruhe,,
boss,vonw,1,2016,,Reeperbahnfestival,,
boss,vonw,1,2017,,Taubertal,,
boss,vonw,1,2016,,Feel Festival,,
boss,vonw,1,2018,,Das Fest Karlsruhe,,
boss,vonw,1,2018,,Deichbrand,,
boss,vonw,1,2018,,Kosmonaut,,
boss,vonw,1,2019,,Open Flair,,
boss,vonw,1,2019,,Highfield,,
boss,wand,1,2019,"https://www.schwaebische.de/landkreis/landkreis-sigmaringen/sigmaringen_artikel,-bosse-und-wanda-kommen-zum-open-air-_arid,10409057.html",Summernight Festival,,
boss,wand,1,2015,https://www.soundprojekt.de/galerie-leser/casper-bosse-wanda-elbufer-dresden-2015.html,Castival Dresden,,
boss,tonb,2,n/a,,Vertigo,,
boss,wand,2,2015,,Vertigo,,
boss,tonb,1,2015,,Deichbrand,,
boss,tonb,1,2016,,Rostock Rockt,,
boss,tonb,1,2017,,Highfield,,
boss,tonb,1,2018,,Das Fest Karlsruhe,,
boss,wand,1,2016,,Szene Open Air,,
boss,wand,1,2016,,Rocco del Schlacko,,
boss,wand,1,2016,,Die neuen Deutschpoeten,,
boss,wand,1,2016,,Hurricane,,
boss,wand,1,2016,,Southside,,
boss,wand,1,2017,,Berg Festival,,
boss,wand,1,2019,,Sziget Festival,,
bruc,leon,1,2019,,Reeperbahnfestival,,
bruc,leon,1,2020,,C/O xoxo pop digital,,
bruc,lisa,1,2019,,Reeperbahnfestival,,
bruc,lisa,1,2019,https://www.festivalsunited.com/festivals.php?op=showf&watt-en-schlick-fest-2019&fid=6510,Watt en Schlick,,
bruc,prov,1,2019,,Reeperbahnfestival,,festival
bruc,prov,1,2020,,C/O xoxo pop digital,,
bruc,prov,1,2020,,Social Sofa Festival,,
bruc,tonb,3,2018,https://schallgefluester.de/tag/tonbandgeraet/,gastunde bochum,,
bruc,rika,2,n/a,,Columbia,,konzert
bruc,rika,1,2020,,Social Sofa Festival,,
bruc,vonw,2,n/a,,Columbia,,
dieh,fabe,1,2018,https://www.br.de/puls/musik/aktuell/puls-open-air-2018-1-welle-100.html,Puls,,
dieh,fabe,4,2020,https://www.egofm.de/musik/entdecken/die-egofm-privataudienz-mit-crucchi-gang,Cruccigang,,festival
dieh,filb,1,2017,https://www.festivalhopper.de/festival/tickets/new-fall-festival-2017.php,New Fall 2017,,Song
dieh,filb,1,2017,https://www.festivalhopper.de/festival/tickets/kosmonaut-festival-2017.php,Kosmonaut,,festival
dieh,filb,1,2018,https://minutenmusik.de/vorbericht/ein-festival-fuer-liebhaber-das-way-back-when-geht-in-die-naechste-runde,way back when,,festival
dieh,gian,1,2017,https://www.festivalhopper.de/festival/tickets/kosmonaut-festival-2017.php,Kosmonaut,,festival
dieh,gian,1,2017,https://www.urbanite.net/de/dresden/artikel/campus-festival-unirocks,Uni Rocks Festival,,
dieh,kett,1,2018,https://www.rollingstone-park.de/public/event/das-war-2018/,Rollin Stone Park,,festival
dieh,kett,1,2018,https://freizeitparknewsnrw.de/news/2018/neue-bands-fuer-rolling-stone-park-im-europa-park/,Europaparkfestival,,
dieh,kraf,1,2017,https://www.festivalhopper.de/festival/tickets/winterthurer-musikfestwochen-2017.php,Winterthurer Musikfestwochen,,festival
dieh,kraf,1,2018,https://www.musikblog.de/2018/06/puls-open-air-2018/,Puls Open Air,,
dieh,leon,1,2019,https://www.festivalhopper.de/festival/tickets/southside-festival-2019.php#lineup,Southside,,
dieh,leon,1,2019,https://www.musikexpress.de/hurricane-festival-2019-was-ihr-jetzt-noch-wissen-muesst-1298657/,Hurricane,,
dieh,leon,1,2017,https://diffusmag.de/p/neue-bands-fuers-kosmonaut-festival/,Kosmonaut,,festival
dieh,lion,1,2018,https://m.facebook.com/RockenAmBrocken/photos/a.301143283279429/1783143288412747/?type=3&locale2=de_DE,Rocken am Brocken,,festival
dieh,lion,1,2017,https://www.festivalsunited.com/festivals.php?op=showf&modular-festival-2017&fid=4221,Modular Festival,,festival
dieh,mine,1,2015,,Open Ohr Festival,,festival
dieh,mine,1,2017,https://www.festivalhopper.de/festival/tickets/kosmonaut-festival-2017.php#lineup,Kosmonaut,,
dieh,mine,1,2019,https://www.festivalhopper.de/festival/tickets/a-summers-tale-2019.php#lineup,A summers tale,,
dieh,olli,1,2016,https://www.festivalticker.de/2016/festivals/campusfestival_konstanz/,Campusfestival Konstanz,,
dieh,olli,1,2018,https://de-de.facebook.com/RockenAmBrocken/photos/ist-denn-schon-weihnachten-rocken-am-brocken-pr%C3%A4sentiert-die-ersten-12-acts-die-/1645879572139120/,Rocken am Brocken,,festival
dieh,razz,1,2018,https://de-de.facebook.com/RockenAmBrocken/photos/ist-denn-schon-weihnachten-rocken-am-brocken-pr%C3%A4sentiert-die-ersten-12-acts-die-/1645879572139120/,Rocken am Brocken,,festival
dieh,razz,1,2017,,Dockville,,
dieh,razz,1,2018,https://www.tonspion.de/news/malzwiese-festival-2018-berlin-mit-bonaparte-die-hoechste-eisenbahn-und-leyya,Malzwiesefestival,,
dieh,rika,1,2018,https://www.tonspion.de/news/malzwiese-festival-2018-berlin-mit-bonaparte-die-hoechste-eisenbahn-und-leyya,Malzwiesefestival,,festival
dieh,rika,1,2017,,Appletree Garden 2019,,festival
dieh,rika,1,2017,,Modular,,
dieh,rika,1,2018,,Popsalon,,
dieh,rika,1,2020,,Social Sofa Festival,,
dieh,schm,1,2018,,Southside,,
dieh,schm,1,2018,https://www.hurricane.de/de/infos/news/bandwelle-2-ist-am-start1/,Hurricane,,
dieh,schn,1,2015,,Watt en Schlick,,festival
dieh,ster,4,2020,https://www.chilli-freiburg.de/stadtgeplauder/kultur/cd-rezi-crucchi-gang-von-crucchi-gang/,Cruccigang,,
dieh,tonb,1,2018,https://www.stop-kohle.de/ablauf-2/,Stop Kohle Demo,,Liedprojekt
dieh,tonb,1,2015,"https://www.weser-kurier.de/region/achimer-kurier_artikel,-Unplugged-in-der-Kantine-_arid,1244853.html",Dockville,,Demobühne
dieh,vonw,1,2017,,Dockville,,festival
dieh,vonw,1,2017,,Haldern Pop,,
dieh,vonw,1,2017,,Kosmonaut,,
dieh,vonw,1,2018,,Rocken am Brocken,,
dieh,vonw,1,2018,https://www.festivalticker.de/2018/festivals/st_katharina_open_air/,St. Katarina Open Air,,
dieh,wand,1,2015,,Watt en Schlick,,festival
dran,fabe,1,2018,https://www.open-flair.de/news/656-beatsteaks-faber-drangsal-fatoni-mr-hurley-die-pulveraffen-blackout-problems,Open Flair,,
dran,fibe,4,2020,,Sanifair Millionär,,festival
dran,filb,1,2016,https://www.msdockville.de/festival/2016/,MS Dockville 2016,,
dran,filb,1,2017,https://www.festivalhopper.de/festival/tickets/eurosonic-noorderslag-2017.php,Eurosonic Noorderslag 2017,,
dran,filb,1,2018,https://www.festivalhopper.de/festival/tickets/immergut-festival-2018.php,Immergut 2018,,
dran,filb,1,2018,https://archiv.fusion-festival.de/2018/2018/programm/band/index.html,Fusion 2018,,
dran,filb,1,2019,https://www.festivalhopper.de/festival/tickets/fm-4-frequency-festival-2019.php,Frequency 2019,,
dran,filb,1,2018,https://herzmukke.de/magazin/nuernberg-pop-festival/,Nürnberg Pop,,
dran,filb,1,2016,https://www.mojo.de/program/termindetails/event/mojo/special-reeperbahnfestival-2016/show/,Reeperbahnfestival,,festival
dran,frit,1,2016,https://www.msdockville.de/festival/2016/,MS Dockville 2016,,festival
dran,frit,1,2016,https://www.musikexpress.de/kosmonaut-die-auftritte-584473/,Kosmonaut,,
dran,gian,1,2017,https://www.festivalhopper.de/festival/tickets/eurosonic-noorderslag-2017.php,Eurosonic Noorderslag 2017,,festival
dran,gian,1,2018,https://archiv.fusion-festival.de/2018/2018/programm/band/index.html,Fusion 2018,,
kett,dran,1,2018,https://www.festivalhopper.de/festival/tickets/immergut-festival-2018.php,Immergut 2018,,
dran,kraf,3,2016,https://www.br.de/puls/musik/bands/interview-drangsal-harieschaim-100.html,Vorband,,
dran,kraf,1,2018,https://kerstinmusl.com/blog/day-one-auf-dem-kosmonaut-festival-mit-den-geheimen-headlinern-drangsal-feine-sahne-fischfilet/,Kosmonaut,,
dran,kraf,1,2017,https://www.festivalhopper.de/festival/tickets/deichbrand-rockfestival-am-meer-2017.php,Deichbrand 2017,,festival
dran,kraf,1,2018,https://de.wikipedia.org/wiki/Southside_(Festival),Southside 2018,,
dran,kraf,1,2018,https://de.wikipedia.org/wiki/Southside_(Festival),Hurricane 2018,,
dran,kraf,1,2018,https://www.festivalhopper.de/festival/tickets/open-flair-festival-2018.php,Open Flair 2018,,
dran,kraf,1,2018,https://www.musikblog.de/2018/06/puls-open-air-2018/,Puls Open Air 2018,,
dran,kraf,1,2018,https://www.festivalhopper.de/festival/tickets/taubertal-festival-2018.php,Taubertal 2018,,
dran,kraf,1,2018,https://www.festivalhopper.de/festival/tickets/rocco-del-schlacko-2018.php,Rocco del Schlacko 2018,,
dran,leon,4,2020,,Sanifair Millionair,,
dran,leon,1,2016,https://www.musikexpress.de/me-praesentiert-das-festival-fuer-junge-menschen-hat-nicht-nur-einen-guten-namen-694151/,Festival für junge Menschen,,
dran,leon,1,2018,https://www.festivalhopper.de/festival/tickets/rocco-del-schlacko-2018.php#lineup,Rocko del Schlacko,,festival
dran,leon,1,2018,https://www.festivalhopper.de/festival/tickets/fusion-festival-2018.php#lineup,Fusion Festival,,
dran,leon,1,2017,https://www.festivalhopper.de/festival/tickets/way-back-when-festival-2017.php#lineup,Way Back When Festival,,
dran,leon,1,2017,https://www.festivalhopper.de/festival/tickets/rocken-am-brocken-2017.php#lineup,Rocken am Brocken,,
dran,leon,1,2018,https://mediadb.nordbayern.de/live/npop18/sites/bands.html,Nürnberg Pop,,
dran,lisa,1,2018,https://www.festivalsunited.com/festivals.php?op=showf&pop-kultur-festival-berlin-2018&fid=5546,Popkultur Festival,,festival
dran,milk,1,2018,https://www.facebook.com/outofthewoodsfestival/posts/drangsal-milky-chance-acoda-wenzlpichler/2859126350777072/,Out of the woods,,festival
dran,milk,1,2018,https://www.google.com/search?client=firefox-b-d&sxsrf=ALeKk005ternXavKlUnA3ZvrsJ-wMfzYrw%3A1615060208679&ei=8NxDYJKHKYqAkwWPvIPgCw&q=kosmonaut+2018+lineup&oq=kosmonaut+2018+lineup&gs_lcp=Cgdnd3Mtd2l6EAMyBAgAEA06BwgAELADEEM6BwgAEEcQsAM6AggAOgYIABAWEB5Q4xhY8yZguS5oAXACeACAAbYDiAGxCZIBBzIuNS40LTGYAQCgAQGqAQdnd3Mtd2l6yAEKwAEB&sclient=gws-wiz&ved=0ahUKEwiSv52QuJzvAhUKwKQKHQ_eALwQ4dUDCAw&uact=5,Kosmonaut,,festival
dran,milk,1,2017,https://www.br.de/puls/musik/aktuell/puls-festival-2017-100.html,Puls Festival,,festival
dran,milk,1,2018,"https://www.rheinpfalz.de/kultur_artikel,-rock-am-ring-zur%C3%BCck-zu-alter-form-_arid,1185054.html",Rock am Ring,,festival
dran,milk,1,2018,,Rock im Park,,festival
dran,milk,1,2016,,Dockville,,
dran,mill,1,2020,https://www.phonostar.de/radio/milliarden-und-drangsal/v/176258/2021-02-15,Reeperbahnfestival,,
dran,mill,1,2017,https://www.regioactive.de/news/2017/05/08/rocken-am-brocken-im-august-2017-mit-bosse-drangsal-milliarden-uvm-pVB6hb9yJd.html,Rocken am Brocken,,festival
dran,mill,1,2018,https://www.festivalhopper.de/festival/tickets/kosmonaut-festival-2018.php#lineup,Kosmonaut Festival,,festival
dran,mill,1,2018,https://www.festivalhopper.de/festival/tickets/open-flair-festival-2018.php#lineup,Open Flair Festival,,
dran,mine,2,2017,,gleiches Label,,
dran,mine,1,2019,,Dockville,,
dran,olli,1,2016,https://www.musikexpress.de/kosmonaut-die-auftritte-584473/,Kosmonaut,,
dran,olli,1,2018,https://www.google.com/search?client=firefox-b-d&sxsrf=ALeKk02ss2vNxQj_Me_EY31mPZLUxPR9EA%3A1615061420415&ei=rOFDYOXwGMylkwXQsYCQCA&q=immergut+2018+lineup&oq=immergut+2018+lineup&gs_lcp=Cgdnd3Mtd2l6EAMyBggAEBYQHjoHCCMQ6gIQJzoECCMQJzoICAAQsQMQgwE6DggAELEDEIMBEMcBEKMCOgIIADoFCAAQsQM6CAguELEDEIMBOgQILhBDOgUILhCTAjoFCC4QsQM6CwguELEDEIMBEJMCOggIABDHARCjAjoICAAQxwEQrwE6BwgAEIcCEBRQu8wJWMrnCWCT6gloAXAAeACAAZEBiAHEEJIBBTExLjEwmAEAoAEBqgEHZ3dzLXdperABCsABAQ&sclient=gws-wiz&ved=0ahUKEwjl9oPSvJzvAhXM0qQKHdAYAIIQ4dUDCAw&uact=5,Immergut,,festival
dran,olli,1,2018,,Kosmonaut,,festival
dran,razz,1,2017,https://www.festivalsunited.com/festivals.php?op=showf&popsalon-osnabrueck-2017&fid=3805,Popsalon,,
dran,razz,1,2016,http://www.juicybeats.net/de,Juicy Beats,,festival
dran,razz,1,2016,https://de.wikipedia.org/wiki/Rolling_Stone_Weekender,Rollin Stone Park,,
dran,razz,1,2016,https://www.festivalticker.de/festivals/feel_festival/archiv/,Feel Festival,,
dran,razz,1,2017,http://www.rocken-am-brocken.de/,Rocken am Brocken,,
dran,rika,4,2020,https://www.festivalsunited.com/festivals.php?op=showf&popsalon-osnabrueck-2017&fid=3805,Sanifair Millionair,,
dran,rika,1,2018,https://herzmukke.de/magazin/nuernberg-pop-festival/,Nürnberg Pop,,
dran,rika,1,2018,https://www.festivalticker.de/festivals/kosmonaut_festival/archiv/,Kosmonaut,,festival
dran,rika,1,2017,,Rocken am Brocken,,festival
dran,rika,1,2017,,Appletree Garden,,
dran,rika,1,2019,,Dockville,,
dran,schm,1,2016,http://modular-festival.de/,Modular,,
dran,schm,1,2017,http://www.deichbrand.de/,Deichbran,,
dran,schm,1,2019,http://www.highfield.de/,Highfield,,
dran,schn,1,2016,http://www.immergutrocken.de/,Immergut,,
dran,schn,1,2016,https://de.wikipedia.org/wiki/Rolling_Stone_Weekender,Weekender,,
dran,schn,1,2016,http://www.kosmonaut-festival.de/,Kosmonaut,,
dran,schn,1,2016,http://www.msdockville.de/,Dockville,,
dran,schn,1,2017,https://www.theclubmap.com/2017/11/09/48297,Keine Bewegung Festival,,
dran,schn,1,2017,http://www.deichbrand.de/,Deichbrand,,
dran,schn,1,2018,http://www.fusion-festival.de/,Fusion,,
dran,tonb,1,2018,http://triggerfish.de/hurricane-festival-2018/,Hurricane,,
dran,tonb,1,2018,,Southside,,festival
dran,tonb,1,2018,https://www.openairguide.net/festivals/schweiz/open-air/_history/2018/_bands,Open Flair,,
dran,vonw,4,2020,,Sanifair Millionair,,festival
dran,vonw,1,2019,https://www.msdockville.de/festival/2019/,MS Dockville,,
dran,vonw,1,2017,http://hdiyl.de/konzertbericht-nuernberg-pop-2016/,Nürnberg Pop,,festival
dran,vonw,1,2019,,Highfield,,festival
dran,vonw,1,2018,https://www.technocity.berlin/fusion-festival-line-up-2018/,Fusion,,festival
dran,vonw,1,2016,https://www.festivalsunited.com/festivals.php?op=showf&reeperbahn-festival-2016&fid=2999,Reeperbahnfestival,,festival
dran,vonw,1,2016,,Feel Festival,,festival
dran,vonw,1,2016,,Kosmonaut,,
dran,wand,1,2016,https://musikmussmit.de/review-kosmonaut-festival/,Kosmonaut,,
dran,wand,1,2018,https://www.open-flair.de/2018/artists,Open Flair,,festival
dran,wand,1,2018,,Hurricane,,festival
dran,wand,1,2018,,Southside,,festival
dran,wand,1,2017,,Deichbrand Festival,,festival
dran,wand,1,2016,,Kosmonaut,,festival
dran,wand,1,2015,https://www.festivalsunited.com/festivals.php?op=showf&maifeld-derby-2015&fid=1841,Maifield Derby,,festival
dran,wand,1,2016,http://www.juicybeats.net/de,Juicy Beats,,festival
dran,wand,1,2017,https://www.duesseldorf-tonight.de/events/e-werk-koeln/25-jahre-intro.442918.html,25 Jahre Intro,,
fabe,filb,1,2019,,Open Air St.Gallen,,
fabe,filb,1,2017,,C/O Pop,,festival
fabe,filb,1,2017,,Appletree Garden Festival,,festival
fabe,filb,1,2017,,Gurten Festival,,festival
fabe,filb,1,2017,http://bis-2018.kulturzelt-kassel.de/archives/4916.html,,,festival
fabe,filb,1,2016,https://www.facebook.com/fabermusik/posts/hei%C3%9Ft-unseren-support-willkommen-fil-bo-rivaer-ist-bei-folgenden-dates-der-tour-/1098167723537238/,,,
fabe,filb,1,2016,https://www.msdockville.de/festival/2016/,MS Dockville 2016,,
fabe,filb,1,2016,https://archiv.fusion-festival.de/2016/de/2016/programm/band/index.html,Fusion 2016,,
fabe,filb,1,2016,https://www.festivalhopper.de/festival/tickets/sound-of-the-forest-2016.php,Sound of the Forest 2016,,
fabe,filb,1,2017,https://www.festivalhopper.de/festival/tickets/eurosonic-noorderslag-2017.php,Eurosonic Noorderslag 2017,,
fabe,filb,1,2018,https://www.msdockville.de/festival/2018/,MS Dockville 2018,,
fabe,frit,1,2016,,PULS Open Air,,
fabe,frit,1,2016,,Dockville,,festival
fabe,gian,2,2019,,Irrsinn Tonträger,,
fabe,gian,1,2017,,Haldern Pop,,
fabe,gian,1,2017,,Orange Blossom Special,,festival
fabe,gian,1,2016,,Sound of the Forest,,festival
fabe,gian,1,2016,https://www.waybackwhen.de/lineup/lineup-2016/,Way Back When 2016,,festival
fabe,gian,1,2016,https://www.festivalhopper.de/festival/tickets/sound-of-the-forest-2016.php,Sound of the Forest 2016,,
fabe,gian,1,2017,https://www.festivalhopper.de/festival/tickets/eurosonic-noorderslag-2017.php,Eurosonic Noorderslag 2017,,
fabe,kett,1,2019,,Das Fest Karlsruhe,,
fabe,kraf,2,n/a,,gleiches Label,,
fabe,kraf,3,2018,https://www.facebook.com/kraftklub/photos/a.10151629984224754.1073741826.270836039753/10155959111799754/?type=3,Support,,
fabe,kraf,1,2018,https://www.festivalhopper.de/festival/tickets/kosmonaut-festival-2018.php,Kosmonaut 2018,,
fabe,kraf,1,2018,https://www.musikblog.de/2018/06/puls-open-air-2018/,Puls Open Air 2018,,
fabe,kraf,1,2018,https://www.festivalhopper.de/festival/tickets/open-flair-festival-2018.php,Open Flair 2018,,
fabe,leon,1,2019,,Southside,,
fabe,leon,1,2019,,Hurricane,,
fabe,leon,1,2019,,Open Air St.Gallen,,festival
fabe,leon,1,2018,,Dockville,,festival
fabe,leon,1,2018,,Happiness,,festival
fabe,lion,1,2018,,Dockville,,festival
fabe,lisa,1,2019,https://www.festivalsunited.com/festivals.php?op=showf&watt-en-schlick-fest-2019&fid=6515,Watt en Schlick Festival,,festival
fabe,lisa,1,2019,https://www.maifeld-derby.de/line-up/history,Maifeld Derby,,festival
fabe,milk,1,2016,,PULS Open Air,,
fabe,milk,1,2018,,Kosmonaut,,
fabe,mill,1,2018,,Open Flair,,festival
fabe,mill,1,2018,,Kosmonaut,,
fabe,mill,1,2017,,Fritz DeutschPoeten,,festival
fabe,mill,1,2015,,Reeperbahnfestival,,festival
fabe,mill,1,2019,,Szene Open Air,,festival
fabe,mine,1,2019,,Szene Open Air,,festival
fabe,mine,1,2019,https://www.festivalhopper.de/festival/tickets/szene-open-air-2019.php#lineup,Szene Open Air,,
fabe,mine,1,2019,https://www.festivalhopper.de/festival/tickets/a-summers-tale-2019.php#lineup,A Summer's Tale,,festival
fabe,olli,1,2018,,Dockville,,
fabe,olli,1,2018,,Kosmonaut,,
fabe,razz,1,2016,https://www.festivalticker.de/festivals/feel_festival/archiv/,Feel Festival,,festival
fabe,razz,1,2018,https://www.festivalsunited.com/festivals.php?op=showf&rocken-am-brocken-2018&fid=5431,Rocken am Brocken,,festival
fabe,razz,1,2018,https://www.be-subjective.de/events/vorberichte/pre-nah-am-wasser-open-air-2018/,Nah am Wasser,,
fabe,rika,1,2018,,Kosmonaut,,
fabe,rika,1,2017,http://www.appletreegarden.de/,,,
fabe,rika,1,2017,https://www.festivalsunited.com/festivals.php?op=showf&modular-festival-2017&fid=4221,Modular,,festival
fabe,rika,1,2018,https://www.be-subjective.de/events/vorberichte/pre-nah-am-wasser-open-air-2018/,Nah am Wasser,,
fabe,rika,1,2020,https://www.munichmag.de/events/social-sofa-festival-mit-faber-mine-ok-kid-rikas-uvm/,Social Sofa Festival,,
fabe,schm,1,2019,,Highfield,,
fabe,schm,1,2019,,Hurricane,,
fabe,schm,1,2019,,Southside,,festival
fabe,schn,1,2017,https://www.festivalsunited.com/festivals.php?op=showf&skandalos-festival-2017&fid=4699,Skandalos Festival,,festival
fabe,tonb,1,2018,,Open Flair,,festival
fabe,tonb,2,2016,,Vertigo,,
fabe,vonw,1,2019,,Highfield,,festival
fabe,vonw,1,2019,,Szene Open Air,,
fabe,vonw,1,2017,,Fritz DeutschPoeten,,festival
fabe,vonw,1,2017,,Haldern Pop,,festival
fabe,vonw,1,2017,,RoccodelSchlacko,,festival
fabe,vonw,1,2016,https://www.festivalticker.de/festivals/feel_festival/archiv/,Feel Festival,,festival
fabe,vonw,1,2018,https://www.festivalsunited.com/festivals.php?op=showf&rocken-am-brocken-2018&fid=5431,Rocken am Brocken,,festival
fabe,wand,1,2018,,Open Flair,,
fabe,wand,1,2015,,Reeperbahnfestival,,
fabe,wand,1,2018,http://www.openairgampel.ch/,Open Air Gampel,,festival
fibe,leon,4,2020,NA,Sanifair Millionär,,festival
fibe,lion,1,2018,https://www.festivalsunited.com/festivals.php?op=showf&watt-en-schlick-fest-2018&fid=5347,Wattenschlick 2018,,
fibe,lisa,1,2019,https://archiv.fusion-festival.de/2019/de/2019/programm/band.html,Fusion 2019,,
fibe,mill,1,2018,https://www.festivalsunited.com/festivals.php?op=showf&talge-open-air-2018&fid=5241,Talge Open Air 2018,,
fibe,olli,1,2018,https://de.wikipedia.org/wiki/Modular_Festival,Modular Festival 2018,,
fibe,prov,1,2019,https://www.festivalhopper.de/festival/tickets/horn-to-be-wild-festival-2019.php#lineup,Horn to be wild Festival,,
fibe,razz,1,2017,https://www.landstreicher-konzerte.de/dates/razz-17-dresden/,Nocturnal Tour,,
fibe,razz,1,2018,https://de.wikipedia.org/wiki/Modular_Festival,Modular Festival 2018,,
fibe,razz,1,2019,https://www.festivalticker.de/festivals/blank_it_open_air/archiv/,Blankit Festival 2019,,
fibe,rika,1,2018,https://www.facebook.com/events/kulturzentrum-engelsburg/rikas-i-fibel-i-erfurt-i-engelsburg/205050916915857/,Swabian Samba Tour 2017,,
fibe,rika,4,2020,n/a,Sanifair Millionär,,
fibe,ster,1,2019,https://archiv.fusion-festival.de/2019/de/2019/programm/band.html,Fusion 2019,,
fibe,tonb,1,2019,https://www.festivalticker.de/festivals/blank_it_open_air/archiv/,Blankit Festival 2019,,
fibe,vonw,1,2016,,,,
fibe,vonw,1,2018,https://de.wikipedia.org/wiki/Modular_Festival,Modular Festival 2018,,
fibe,vonw,4,2020,n/a,Sanifair Millionär,,
filb,gian,1,2016,https://www.festivalhopper.de/festival/tickets/sound-of-the-forest-2016.php,Sound of the Forest 2016,,
filb,gian,1,2017,https://www.intro.de/popmusik/unter-einem-dach-festival-2017-mit-hanna-leess-schmutzki-fil-bo-riva-u-v-m,Unter einem Dach Festival 2017,,
filb,gian,1,2017,https://www.festivalhopper.de/festival/tickets/traumzeit-festival-2017.php,Traumzeit 2017,,
filb,gian,1,2017,https://www.festivalhopper.de/festival/tickets/eurosonic-noorderslag-2017.php,Eurosonic Noorderslag 2017,,
filb,gian,1,2017,https://www.festivalhopper.de/festival/tickets/kosmonaut-festival-2017.php,Kosmonaut 2017,,
filb,gian,1,2018,https://archiv.fusion-festival.de/2018/2018/programm/band/index.html,Fusion 2018,,
filb,gian,1,2018,https://www.festivalhopper.de/festival/tickets/lollapalooza-berlin-2018.php,Lollapalooza 2018,,
filb,gian,1,2019,https://www.festivalhopper.de/festival/tickets/appletree-garden-festival-2019.php,Appletree Garden 2019,,
filb,kett,1,2018,https://www.festivalhopper.de/festival/tickets/immergut-festival-2018.php,Immergut 2018,,
filb,kraf,1,2018,https://www.festivalhopper.de/festival/tickets/szene-open-air-2018.php,Szene Open Air 2018,,
filb,leon,1,2017,https://www.intro.de/popmusik/unter-einem-dach-festival-2017-mit-hanna-leess-schmutzki-fil-bo-riva-u-v-m,Unter einem Dach Festival 2017,,
filb,leon,1,2017,https://www.festivalhopper.de/festival/tickets/kosmonaut-festival-2017.php,Kosmonaut 2017,,
filb,leon,1,2018,https://nuernberg-pop.com/history/,Nürnberg Pop 2018,,
filb,leon,1,2018,https://www.msdockville.de/festival/2018/,MS Dockville 2018,,
filb,leon,1,2018,https://archiv.fusion-festival.de/2018/2018/programm/band/index.html,Fusion 2018,,
filb,leon,1,2018,https://www.festivalhopper.de/festival/tickets/szene-open-air-2018.php,Szene Open Air 2018,,
filb,leon,1,2019,https://www.festivalhopper.de/festival/tickets/kosmonaut-festival-2019.php,Kosmonaut 2019,,
filb,leon,1,2019,https://www.festivalhopper.de/festival/tickets/openair-st-gallen-2019.php,OpenAir St Gallen 2019,,
filb,lion,1,2016,https://archiv.fusion-festival.de/2016/de/2016/programm/band/index.html,Fusion 2016,,
filb,lion,1,2018,https://archiv.fusion-festival.de/2018/2018/programm/band/index.html,Fusion 2018,,
filb,lion,1,2018,https://www.festivalhopper.de/festival/tickets/dockville-2018.php#lineup,Dockville 2018,,
filb,lisa,3,2019,https://desc-photography.com/2019/05/27/lisa-morgenstern-fil-bo-riva-2019-fzw-dortmund/#,Tour Support,,
filb,lisa,1,2019,https://www.festivalhopper.de/festival/tickets/appletree-garden-festival-2019.php,Appletree Garden 2019,,
filb,milk,3,2017,https://www.kassablanca.de/programm/details/event/fil-bo-riva-support-rikas-2196/,Zusammen auf Tour,,
filb,milk,1,2017,https://www.festivalhopper.de/festival/tickets/traumzeit-festival-2017.php,Traumzeit 2017,,
filb,mill,1,2017,https://www.festivalhopper.de/festival/tickets/puls-open-air-2017.php,PULS Open Air 2017,,
filb,mill,1,2018,https://nuernberg-pop.com/history/,Nürnberg Pop 2018,,
filb,mine,1,2017,https://www.festivalhopper.de/festival/tickets/kosmonaut-festival-2017.php,Kosmonaut 2017,,
filb,olli,1,2018,https://www.msdockville.de/festival/2018/,MS Dockville 2018,,
filb,olli,1,2018,https://archiv.fusion-festival.de/2018/2018/programm/band/index.html,Fusion 2018,,
filb,olli,1,2018,https://www.festivalhopper.de/festival/tickets/immergut-festival-2018.php,Immergut 2018,,
filb,prov,1,2019,https://www.festivalhopper.de/festival/tickets/trebur-open-air-2019.php#lineup,Trebur Open Air,,
filb,prov,1,2019,https://www.festivalsunited.com/festivals.php?op=showf&campus-festival-bielefeld-2019&fid=6321,Campus Bielefeld,,
filb,prov,1,2020,https://www.instagram.com/socialsofafestival/,Social Sofa Festival,,
filb,prov,3,2020,https://hb-people.de/bilder/fil-bo-riva-im-modernes/,gemeinsamer Auftritt,,
filb,rika,1,2017,https://www.festivalhopper.de/festival/tickets/appletree-garden-festival-2017.php,Appletree Garden 2017,,
filb,rika,1,2018,https://minutenmusik.de/vorbericht/ein-festival-fuer-liebhaber-das-way-back-when-geht-in-die-naechste-runde,Way Back When 2018,,
filb,rika,1,2018,https://nuernberg-pop.com/history/,Nürnberg Pop 2018,,
filb,rika,3,2018,https://themellowmusic.com/fil-bo-riva-in-koeln/,Support,,
filb,rika,1,2018,https://archiv.fusion-festival.de/2018/2018/programm/band/index.html,Fusion 2018,,
filb,schm,1,2017,https://www.intro.de/popmusik/unter-einem-dach-festival-2017-mit-hanna-leess-schmutzki-fil-bo-riva-u-v-m,Unter einem Dach Festival 2017,,
filb,schn,1,2016,https://www.msdockville.de/festival/2016/,MS Dockville 2016,,
filb,schn,1,2016,https://archiv.fusion-festival.de/2016/de/2016/programm/band/index.html,Fusion 2016,,
filb,schn,1,2017,"https://www.weser-kurier.de/bremen/breminale_artikel,-breminale-gibt-bandpaket-bekannt-_arid,1590050.html",Breminale 2017,,
filb,schn,1,2017,https://www.festivalsunited.com/festivals.php?op=showf&skandalos-festival-2017&fid=4699,Skandalos Festival,,
filb,schn,1,2018,https://archiv.fusion-festival.de/2018/2018/programm/band/index.html,Fusion 2018,,
filb,ster,1,2016,https://archiv.fusion-festival.de/2016/de/2016/programm/band/index.html,Fusion 2016,,
filb,vonw,3,2015,https://www.vonwegenlisbeth.de/alte-konzerte/,Support,,
filb,vonw,1,2016,https://archiv.fusion-festival.de/2016/de/2016/programm/band/index.html,Fusion 2016,,
filb,vonw,1,2017,https://www.festivalhopper.de/festival/tickets/puls-open-air-2017.php,PULS Open Air 2017,,
filb,vonw,3,2017,https://www.vonwegenlisbeth.de/alte-konzerte/,Support,,
filb,vonw,1,2017,https://www.festivalhopper.de/festival/tickets/kosmonaut-festival-2017.php,Kosmonaut 2017,,
filb,vonw,1,2017,https://www.festivalhopper.de/festival/tickets/traumzeit-festival-2017.php,Traumzeit 2017,,
filb,vonw,1,2018,http://www.juicybeats.net/de/news/line-up-2018/90,Juicy Beats 2018,,
filb,vonw,1,2018,https://www.festivalhopper.de/festival/tickets/lollapalooza-berlin-2018.php,Lollapalooza 2018,,
filb,vonw,1,2019,https://www.festivalhopper.de/festival/tickets/kosmonaut-festival-2019.php,Kosmonaut 2019,,
frit,gian,1,2017,https://www.festivalsunited.com/festivals.php?op=showf&juicy-beats-2017&fid=4034,Juicy Beats 2017,,
frit,gian,1,2019,https://de.wikipedia.org/wiki/Rocken_am_Brocken,Rocken am Brocken 2019,,
frit,kraf,1,2015,https://www.festivalhopper.de/festival/tickets/chiemsee-summer-2015.php,Chiemsee 2015,,
frit,kraf,1,2017,https://www.festivalhopper.de/festival/tickets/highfield-2017.php,Highfield 2017,,
frit,leon,1,2019,https://www.festivalhopper.de/festival/tickets/in.die.musik-open-air-2019.php,IN.DIE.Musik Open Air 2019,,
frit,leon,1,2019,https://www.festivalhopper.de/festival/tickets/immergut-festival-2019.php,Immergut 2019,,
frit,leon,1,2019,https://de.wikipedia.org/wiki/Rocken_am_Brocken,Rocken am Brocken 2019,,
frit,leon,1,2019,https://www.festivalhopper.de/festival/tickets/open-flair-festival-2019.php,Open Flair 2019,,
frit,lion,1,2017,https://www.festivalsunited.com/festivals.php?op=showf&juicy-beats-2017&fid=4034,Juicy Beats 2017,,
frit,lisa,1,2019,https://www.festivalsunited.com/festivals.php?op=showf&reeperbahn-festival-2019&fid=6645,Reeperbahn Festival,,
frit,milk,1,2015,https://de.wikipedia.org/wiki/Southside_(Festival),Southside 2015,,
frit,milk,1,2015,https://de.wikipedia.org/wiki/Southside_(Festival),Hurricane 2015,,
frit,milk,1,2015,https://www.festivalhopper.de/festival/tickets/highfield-2015.php,Highfield 2015,,
frit,milk,1,2016,https://www.festivalhopper.de/festival/tickets/puls-open-air-2016.php#lineup,PULS Open Air,,
frit,milk,1,2017,https://de.wikipedia.org/wiki/Southside_(Festival),Southside 2017,,
frit,milk,1,2017,https://de.wikipedia.org/wiki/Southside_(Festival),Hurricane 2017,,
frit,milk,1,2017,https://www.festivalhopper.de/festival/tickets/highfield-2017.php,Highfield 2017,,
frit,mill,1,2016,https://www.festivalhopper.de/festival/tickets/deichbrand-rockfestival-am-meer-2016.php,Deichbrand 2016,,
frit,mill,1,2016,https://de.wikipedia.org/wiki/Rock_am_Ring,Rock am Ring 2016 (Unwetter!),,
frit,mill,1,2016,https://de.wikipedia.org/wiki/Rock_am_Ring,Rock im Park 2016,,
frit,mill,1,2017,https://www.festivalhopper.de/festival/tickets/highfield-2017.php,Highfield 2017,,
frit,mill,1,2019,https://www.festivalhopper.de/festival/tickets/taubertal-festival-2019.php#lineup,Taubertal 2019,,
frit,mine,1,2019,https://www.festivalhopper.de/festival/tickets/deichbrand-rockfestival-am-meer-2019.php,Deichbrand 2019,,
frit,olli,1,2015,https://de.wikipedia.org/wiki/Southside_(Festival),Southside 2015,,
frit,olli,1,2015,https://de.wikipedia.org/wiki/Southside_(Festival),Hurricane 2015,,
frit,olli,1,2015,https://www.festivalhopper.de/festival/tickets/highfield-2015.php,Highfield 2015,,
frit,olli,1,2016,https://www.festivalhopper.de/festival/tickets/kosmonaut-festival-2016.php,Kosmonaut 2016,,
frit,prov,1,2019,https://www.festivalsunited.com/festivals.php?op=showf&reeperbahn-festival-2019&fid=6641,Reeperbahn Festival,,
frit,razz,1,2016,https://www.festivalticker.de/festivals/feel_festival/archiv/,Feel Festival 2016,,
frit,razz,1,2016,http://www.deichbrand.de/,Deichbrand 2016,,
frit,rika,1,2019,https://www.facebook.com/ahoiifestival/,Ahoii Festival 2019,,
frit,schm,1,2015,https://www.festivalhopper.de/festival/tickets/highfield-2015.php,Highfield 2015,,
frit,schm,1,2015,https://de.wikipedia.org/wiki/Southside_(Festival),Southside 2015,,
frit,schm,1,2015,https://de.wikipedia.org/wiki/Southside_(Festival),Hurricane 2015,,
frit,schm,1,2017,https://www.festivalhopper.de/festival/tickets/chiemsee-summer-2017.php,Chiemsee Summer 2017,,
frit,schn,1,2016,https://de.wikipedia.org/wiki/Rock_am_Ring,Rock im Park 2016,,
frit,schn,1,2016,https://www.msdockville.de/festival/2016/,MS Dockville 2016,,
frit,schn,1,2016,https://www.festivalhopper.de/festival/tickets/kosmonaut-festival-2016.php,Kosmonaut 2016,,
frit,tonb,1,2015,https://de.wikipedia.org/wiki/Southside_(Festival),Southside 2015,,
frit,tonb,1,2015,https://de.wikipedia.org/wiki/Southside_(Festival),Hurricane 2015,,
frit,tonb,1,2015,https://www.festivalhopper.de/festival/tickets/highfield-2015.php,Highfield 2015,,
frit,tonb,1,2017,https://www.festivalhopper.de/festival/tickets/highfield-2017.php,Highfield 2017,,
frit,tonb,1,2017,https://www.festivalhopper.de/festival/tickets/chiemsee-summer-2017.php,Chiemsee Summer 2017,,
frit,vonw,1,2016,https://www.festivalhopper.de/festival/tickets/kosmonaut-festival-2016.php,Kosmonaut 2016,,
frit,vonw,1,2016,https://www.festivalticker.de/festivals/feel_festival/archiv/,Feel Festival 2016,,
frit,vonw,1,2017,https://www.festivalhopper.de/festival/tickets/highfield-2017.php,Highfield 2017,,
frit,vonw,1,2019,https://www.festivalhopper.de/festival/tickets/taubertal-festival-2019.php#lineup,Taubertal 2019,,
frit,vonw,1,2019,https://www.festivalhopper.de/festival/tickets/open-flair-festival-2019.php,Open Flair 2019,,
frit,wand,1,2016,http://www.kosmonaut-festival.de/,Kosmonaut Festival 2016,,
frit,wand,1,2017,http://www.chiemsee-summer.de/,Chiemsee Summer 2017,,
gian,kett,1,2018,https://de.wikipedia.org/wiki/Rock_am_Ring,Rock am Ring 2018,,
gian,kett,1,2018,https://de.wikipedia.org/wiki/Rock_am_Ring,Rock im Park 2018,,
gian,kraf,3,2016,https://www.wa.de/hamm/band-giant-rooks-hamm-begeistert-support-kraftklub-auftritte-luxemburg-belgien-6099048.html,Support,,
gian,leon,1,2017,https://www.intro.de/popmusik/unter-einem-dach-festival-2017-mit-hanna-leess-schmutzki-fil-bo-riva-u-v-m,Unter einem Dach Festival 2017,,
gian,leon,1,2017,https://www.festivalhopper.de/festival/tickets/kosmonaut-festival-2017.php,Kosmonaut 2017,,
gian,leon,1,2017,https://www.festivalhopper.de/festival/tickets/bochum-total-2016.php#lineup,Bochum Total,,
gian,leon,1,2018,https://archiv.fusion-festival.de/2018/2018/programm/band/index.html,Fusion 2018,,
gian,leon,1,2019,https://de.wikipedia.org/wiki/Rocken_am_Brocken,Rocken am Brocken 2019,,
gian,leon,1,2019,https://www.festivalsunited.com/festivals.php?op=showf&juicy-beats-2019&fid=6465,Juicy Beats 2019,,
gian,lion,1,2017,https://www.festivalsunited.com/festivals.php?op=showf&juicy-beats-2017&fid=4034,Juicy Beats 2017,,
gian,lion,1,2018,https://archiv.fusion-festival.de/2018/2018/programm/band/index.html,Fusion 2018,,
gian,lisa,1,2019,https://www.festivalhopper.de/festival/tickets/appletree-garden-festival-2019.php,Appletree Garden 2019,,
gian,lisa,1,2019,https://www.festivalsunited.com/festivals.php?op=showf&watt-en-schlick-fest-2019&fid=6512,Watt en Schlick Festival,,
gian,milk,1,2017,https://www.festivalhopper.de/festival/tickets/traumzeit-festival-2017.php,Traumzeit 2017,,
gian,milk,1,2018,https://www.festivalhopper.de/festival/tickets/deichbrand-rockfestival-am-meer-2018.php#lineup,Deichbrand Rockfestival am Meer,,
gian,milk,1,2018,https://de.wikipedia.org/wiki/Rock_am_Ring,Rock am Ring 2018,,
gian,milk,1,2018,https://de.wikipedia.org/wiki/Rock_am_Ring,Rock im Park 2018,,
gian,mill,1,2018,https://de.wikipedia.org/wiki/Rock_am_Ring,Rock am Ring 2018,,
gian,mill,1,2018,https://de.wikipedia.org/wiki/Rock_am_Ring,Rock im Park 2018,,
gian,mill,1,2018,https://www.festivalhopper.de/festival/tickets/deichbrand-rockfestival-am-meer-2018.php#lineup,Deichbrand Rockfestival am Meer,,
gian,mine,1,2017,https://www.festivalhopper.de/festival/tickets/kosmonaut-festival-2017.php,Kosmonaut 2017,,
gian,mine,1,2017,https://www.festivalhopper.de/festival/tickets/bochum-total-2016.php#lineup,Bochum Total,,
gian,mine,1,2019,https://www.festivalhopper.de/festival/tickets/dockville-2019.php#lineup,Dockville,,
gian,mine,1,2019,https://www.festivalhopper.de/festival/tickets/puls-open-air-2019.php#lineup,PULS Open Air,,
gian,olli,1,2018,https://archiv.fusion-festival.de/2018/2018/programm/band/index.html,Fusion 2018,,
gian,prov,1,2020,https://www.musikexpress.de/co-pop-xoxo-mit-the-screenshots-blond-das-digitale-festival-findet-vom-21-bis-24-oktober-statt-1625205/,c/o pop xoxo digital,,
gian,prov,1,2020,https://www.instagram.com/socialsofafestival/,Social Sofa Festival,,
gian,razz,1,2016,https://de.wikipedia.org/wiki/Rocken_am_Brocken,Rocken am Brocken 2016,,
gian,razz,3,2016,https://www.landstreicher-konzerte.de/dates/razz/,Support,,
gian,razz,1,2016,http://bochum-total.de/,Bochum Total,,
gian,razz,1,2016,http://www.wattenschlick.de/,Watt en Schlick Festival,,
gian,razz,1,2017,http://www.msdockville.de/,Dockville,,
gian,razz,1,2017,http://www.pureandcrafted.com/,Pure and Crafted,,
gian,razz,1,2018,http://www.deichbrand.de/,Deichbrand,,
gian,razz,4,2017,https://www.youtube.com/watch?v=STww9lKQXTg,Feature,,
gian,rika,1,2018,https://archiv.fusion-festival.de/2018/2018/programm/band/index.html,Fusion 2018,,
gian,rika,1,2019,https://www.festivalsunited.com/festivals.php?op=showf&juicy-beats-2019&fid=6465,Juicy Beats 2019,,
gian,schm,1,2016,http://www.reeperbahnfestival.com/,Reeperbahn Festival,,
gian,schm,1,2017,https://www.facebook.com/kulturzentrum.ewerk/photos/gm.1937256903227751/10154455672445732,Unter einem Dach Festival 2017,,
gian,schn,1,2017,http://magazin.shout-loud.de/livereview-open-ohr-festival-2-06-5-06-17/,Open Ohr Festival,,
gian,schn,1,2017,https://www.festivalsunited.com/festivals.php?op=showf&skandalos-festival-2017&fid=4699,Skandalos Festival,,
gian,schn,1,2018,https://archiv.fusion-festival.de/2018/2018/programm/band/index.html,Fusion 2018,,
gian,tonb,1,2017,http://www.ubben-events.de/,Großefehn Open Air,,
gian,vonw,1,2016,https://www.waybackwhen.de/lineup/lineup-2016/,Way Back When 2016,,
gian,vonw,3,2016,https://www.vonwegenlisbeth.de/alte-konzerte/,Support,,
gian,vonw,1,2017,https://www.festivalhopper.de/festival/tickets/traumzeit-festival-2017.php,Traumzeit 2017,,
gian,vonw,3,2017,https://www.vonwegenlisbeth.de/alte-konzerte/,Auftritt,,
gian,vonw,1,2017,https://www.festivalhopper.de/festival/tickets/kosmonaut-festival-2017.php,Kosmonaut 2017,,
gian,vonw,1,2018,https://archiv.fusion-festival.de/2018/2018/programm/band/index.html,Fusion 2018,,
gian,vonw,1,2016,http://bochum-total.de/,Bochum Total,,
gian,vonw,1,2016,http://www.wattenschlick.de/,Watt en Schlick Festival,,
gian,vonw,1,2016,http://www.reeperbahnfestival.com/,Reeperbahn Festival,,
gian,vonw,1,2017,http://haldernpop.com/,Haldern Pop,,
gian,vonw,1,2017,http://www.msdockville.de/,Dockville,,
gian,vonw,1,2018,http://www.deichbrand.de/,Deichbrand,,
gian,vonw,1,2018,http://www.lollapaloozade.com/,Lollapalooza 2018,,
gian,vonw,1,2019,http://www.msdockville.de/,Dockville,,
kett,kraf,4,2019,https://www.musikexpress.de/kettcar-scheine-in-den-graben-stream-1203719/,Feature,,
kett,leon,1,2019,https://www.kingstar-music.com/portfolio-items/nah-am-wasser-open-air/,Nah am Wasser 2019,,
kett,milk,1,2018,https://de.wikipedia.org/wiki/Rock_am_Ring,Rock am Ring 2018,,
kett,milk,1,2018,https://de.wikipedia.org/wiki/Rock_am_Ring,Rock im Park 2018,,
kett,milk,1,2018,https://www.festivalhopper.de/festival/tickets/sziget-festival-2018.php,Sziget 2018,,
kett,mill,1,2018,https://de.wikipedia.org/wiki/Rock_am_Ring,Rock am Ring 2018,,
kett,mill,1,2018,https://de.wikipedia.org/wiki/Rock_am_Ring,Rock im Park 2018,,
kett,mine,1,2018,https://der.orf.at/unternehmen/aktuell/fm4_geburtstagsfest100.html,Auftritt zu Event,,
kett,mine,1,2019,https://www.kingstar-music.com/portfolio-items/nah-am-wasser-open-air/,Nah am Wasser 2019,,
kett,olli,1,2018,https://www.festivalhopper.de/festival/tickets/immergut-festival-2018.php,Immergut 2018,,
kett,razz,1,2018,http://www.deichbrand.de/,Deichbrand 2018,,
kett,razz,1,2018,http://www.highfield.de/,Highfield 2018,,
kett,rika,1,2017,https://www.google.com/url?sa=t&rct=j&q=&esrc=s&source=web&cd=&ved=2ahUKEwihvYWKhZnvAhURCWMBHSnHBYI4ChAWMAB6BAgBEAM&url=https%3A%2F%2Fwww.duisburglive.de%2Ffileadmin%2Fcontent%2Fuser_upload%2FPI_Kettcar.pdf&usg=AOvVaw3HJW7P9uou6C1cdFqJ2TiF,Traumzeit Festival 2017,,
kett,tonb,1,2018,https://schallgefluester.de/2018/08/fotos-gamescom-city-festival-2018-mit-fortuna-ehrenfeld-tonbandgeraet-kettcar/,Gamescom City Festival,,
kett,vonw,1,2018,https://www.musikexpress.de/deichbrand-festival-2018-seht-bilderbuch-editors-kettcar-und-co-im-livestream-1087137/,Deichbrand 2018,,
kraf,leon,1,2018,https://www.festivalhopper.de/festival/tickets/gurten-festival-2018.php#lineup,Gurten Festival,,
kraf,leon,1,2018,https://www.festivalhopper.de/festival/tickets/szene-open-air-2018.php,Szene Open Air 2018,,
kraf,leon,1,2018,https://www.festivalhopper.de/festival/tickets/rocco-del-schlacko-2018.php,Rocco del Schlacko 2018,,
kraf,milk,1,2015,https://www.festivalhopper.de/festival/tickets/sziget-festival-2015.php,Sziget 2015,,
kraf,milk,1,2017,https://www.festivalhopper.de/festival/tickets/highfield-2017.php,Highfield 2017,,
kraf,milk,1,2018,https://www.festivalhopper.de/festival/tickets/gurten-festival-2018.php,Gurten 2018,,
kraf,milk,1,2018,https://www.festivalhopper.de/festival/tickets/kosmonaut-festival-2018.php,Kosmonaut 2018,,
kraf,milk,1,2018,https://de.wikipedia.org/wiki/Southside_(Festival),Southside 2018,,
kraf,milk,1,2018,https://de.wikipedia.org/wiki/Southside_(Festival),Hurricane 2018,,
kraf,mill,1,2017,https://www.festivalhopper.de/festival/tickets/highfield-2017.php,Highfield 2017,,
kraf,mill,1,2018,https://www.festivalhopper.de/festival/tickets/kosmonaut-festival-2018.php,Kosmonaut 2018,,
kraf,mill,1,2018,https://www.festivalhopper.de/festival/tickets/open-flair-festival-2018.php,Open Flair 2018,,
kraf,olli,1,2015,https://www.festivalhopper.de/festival/tickets/taubertal-festival-2015.php,Taubertal 2015,,
kraf,olli,1,2015,https://www.festivalhopper.de/festival/tickets/open-flair-festival-2015.php,Open Flair 2015,,
kraf,olli,1,2018,https://www.festivalhopper.de/festival/tickets/kosmonaut-festival-2018.php,Kosmonaut 2018,,
kraf,olli,1,2019,https://www.festivalhopper.de/festival/tickets/lollapalooza-berlin-2019.php,Lollapalooza 2019,,
kraf,razz,1,2015,https://www.festivalhopper.de/festival/tickets/kosmonaut-festival-2015.php,Kosmonaut 2015,,
kraf,razz,1,2015,https://www.festivalhopper.de/festival/tickets/rocco-del-schlacko-2015.php,Rocco del Schlacko 2015,,
kraf,razz,3,2016,https://de.wikipedia.org/wiki/Razz_(Band),Support 2 Konzerte,,
kraf,razz,1,2017,https://de.wikipedia.org/wiki/Rock_am_Ring,Rock am Ring 2017,,
kraf,razz,1,2017,https://de.wikipedia.org/wiki/Rock_am_Ring,Rock im Park 2017,,
kraf,razz,1,2017,http://happiness-festival.de/,,,
kraf,rika,1,2018,https://www.festivalhopper.de/festival/tickets/kosmonaut-festival-2018.php,Kosmonaut 2018,,
kraf,schm,1,2015,https://www.festivalhopper.de/festival/tickets/rocco-del-schlacko-2015.php,Rocco del Schlacko 2015,,
kraf,schm,1,2015,https://www.festivalhopper.de/festival/tickets/taubertal-festival-2015.php,Taubertal 2015,,
kraf,schm,1,2015,https://www.festivalhopper.de/festival/tickets/open-flair-festival-2015.php,Open Flair 2015,,
kraf,schm,1,2015,https://de.wikipedia.org/wiki/Rock_am_Ring,Rock am Ring 2015,,
kraf,schm,1,2015,https://de.wikipedia.org/wiki/Rock_am_Ring,Rock im Park 2015,,
kraf,schm,1,2015,https://www.festivalhopper.de/festival/tickets/kosmonaut-festival-2015.php,Kosmonaut 2015,,
kraf,schm,1,2017,https://www.festivalhopper.de/festival/tickets/deichbrand-rockfestival-am-meer-2017.php,Deichbrand 2017,,
kraf,schm,3,2015,https://de.wikipedia.org/wiki/Schmutzki,Gemeinsame Vorband Tote Hosen,,
kraf,schn,1,2017,https://www.festivalhopper.de/festival/tickets/deichbrand-rockfestival-am-meer-2017.php,Deichbrand 2017,,
kraf,tonb,2,n/a,,gleiches Label,,
kraf,tonb,1,2015,https://www.festivalhopper.de/festival/tickets/deichbrand-rockfestival-am-meer-2015.php,Deichbrand 2015,,
kraf,tonb,1,2017,https://www.festivalhopper.de/festival/tickets/highfield-2017.php,Highfield 2017,,
kraf,tonb,1,2018,https://www.festivalhopper.de/festival/tickets/open-flair-festival-2018.php,Open Flair 2018,,
kraf,tonb,1,2018,https://de.wikipedia.org/wiki/Southside_(Festival),Hurricane 2018,,
kraf,tonb,1,2018,https://de.wikipedia.org/wiki/Southside_(Festival),Southside 2018,,
kraf,vonw,1,2017,https://www.festivalhopper.de/festival/tickets/happiness-festival-2017.php,Happiness 2017,,
kraf,vonw,3,2017,https://www.youtube.com/watch?v=N0SyR3hFBVw,Auftritt,,
kraf,vonw,1,2017,https://www.festivalhopper.de/festival/tickets/highfield-2017.php,Highfield 2017,,
kraf,vonw,1,2017,http://happiness-festival.de/,Happiness 2017,,
kraf,wand,2,n/a,,gleiches Label,,
kraf,wand,1,2015,https://www.festivalhopper.de/festival/tickets/kosmonaut-festival-2015.php,Kosmonaut 2015,,
kraf,wand,1,2017,https://www.festivalhopper.de/festival/tickets/deichbrand-rockfestival-am-meer-2017.php,Deichbrand 2017,,
kraf,wand,1,2017,https://de.wikipedia.org/wiki/Frequency_(Musikfestival),FM4 Frequency 2017,,
kraf,wand,1,2018,https://de.wikipedia.org/wiki/Southside_(Festival),Southside 2018,,
kraf,wand,1,2018,https://de.wikipedia.org/wiki/Southside_(Festival),Hurricane 2018,,
kraf,wand,3,2015,https://www.wandamusik.com/2015/02/22/wanda-mit-kraftklub-auf-grosser-tour/,Support,,
kraf,wand,1,2015,https://de.wikipedia.org/wiki/Open_Air_St._Gallen,Open Air St Gallen 2015,,
kraf,wand,1,2018,http://www.open-flair.de/,Open Flair 2018,,
leon,lion,1,2018,https://www.festivalhopper.de/festival/tickets/dockville-2018.php#lineup,Dockville,,
leon,milk,1,2018,https://www.festivalhopper.de/festival/tickets/gurten-festival-2018.php#lineup,Gurten Festival,,
leon,mill,1,2017,https://www.festivalhopper.de/festival/tickets/rocken-am-brocken-2017.php#lineup,Rocken am Brocken,,
leon,mine,1,2017,https://www.festivalhopper.de/festival/tickets/kosmonaut-festival-2017.php#lineup,Kosmonaut Festival,,
leon,mine,1,2017,https://www.festivalhopper.de/festival/tickets/bochum-total-2016.php#lineup,Bochum Total,,
leon,mine,1,2019,https://www.festivalhopper.de/festival/tickets/puls-open-air-2019.php#lineup,PULS Open Air,,
leon,olli,1,2018,https://www.festivalhopper.de/festival/tickets/dockville-2018.php#lineup,Dockville,,
leon,olli,1,2018,https://www.festivalhopper.de/festival/tickets/appletree-garden-festival-2018.php#lineup,Appletree Garden Festival,,
leon,razz,1,2017,https://www.festivalhopper.de/festival/tickets/bochum-total-2016.php#lineup,Bochum Total,,
leon,razz,1,2017,http://www.rocken-am-brocken.de/,Rocken am Brocken,,
leon,rika,1,2017,https://www.festivalhopper.de/festival/tickets/rocken-am-brocken-2017.php#lineup,Rocken am Brocken,,
leon,rika,1,2019,http://www.juicybeats.net/de,Juicy Beats,,
leon,rika,1,2019,https://www.singoldsand-festival.de,Singoldsand Festival,,
leon,rika,3,2020,http://musik3000.de/blond-feiern-sanifair-millionaer-cypher-mit-vielen-bekannten-features/,Sanifair Millionär,,
leon,schm,1,2017,https://www.facebook.com/kulturzentrum.ewerk/photos/gm.1937256903227751/10154455672445732,Unter einem Dach Festival,,
leon,schm,1,2019,https://www.festivalhopper.de/festival/tickets/hurricane-festival-2019.php#lineup,Hurricane Festival,,
leon,schm,1,2019,https://www.festivalhopper.de/festival/tickets/southside-festival-2019.php#lineup,Southside Festival,,
leon,schn,1,2017,https://www.festivalhopper.de/festival/tickets/musikschutzgebiet-festival-2017.php#lineup,Musikschutzgebiet,,
leon,schn,1,2018,https://www.festivalhopper.de/festival/tickets/fusion-festival-2018.php#lineup,Fusion Festival,,
leon,vonw,1,2016,https://www.festivalhopper.de/festival/tickets/bochum-total-2016.php#lineup,Bochum Total,,
leon,vonw,1,2017,https://www.festivalhopper.de/festival/tickets/kosmonaut-festival-2017.php#lineup,Kosmonaut Festival,,
leon,vonw,1,2017,https://www.festivalhopper.de/festival/tickets/bochum-total-2016.php#lineup,Bochum Total,,
leon,vonw,1,2018,https://www.green-juice.de/history/,Green Juice Festival,,
leon,vonw,1,2018,https://www.festivalhopper.de/festival/tickets/appletree-garden-festival-2018.php#lineup,Appletree Garden Festival,,
leon,vonw,1,2018,https://www.festivalhopper.de/festival/tickets/fusion-festival-2018.php#lineup,Fusion Festival,,
leon,vonw,1,2019,https://www.festivalhopper.de/festival/tickets/kosmonaut-festival-2019.php#lineup,Kosmonaut Festival,,
leon,vonw,1,2019,http://www.open-flair.de/,Open Flair Festival,,
leon,vonw,3,2020,http://musik3000.de/blond-feiern-sanifair-millionaer-cypher-mit-vielen-bekannten-features/,Sanifair Millionär,,
leon,wand,1,2015,https://www.festivalhopper.de/festival/tickets/campusfest-leipzig-2015.php#lineup,Campusfest Leipzig,,
leon,wand,1,2019,https://fastforward-magazine.de/sziget-festival-2019-bosse-leoniden-sophie-hunger-hearts-hearts-und-viele-weitere-fuer-die-europe-stage-bestaetigt/,Sziget Festival,,
lion,razz,1,2018,https://www.festivalsunited.com/festivals.php?op=showf&rocken-am-brocken-2018&fid=5431,Rocken am Brocken,,
lion,olli,1,2018,https://www.festivalhopper.de/festival/tickets/dockville-2018.php#lineup,Dockville,,
lion,rika,1,2017,https://www.festivalsunited.com/festivals.php?op=showf&modular-festival-2017&fid=4221,Modular Festival,,
lion,rika,1,2018,https://www.festivalhopper.de/festival/tickets/zusammen-leuchten-festival-2018.php#lineup,Zusammen Leuchten Festival,,
lion,tonb,1,2019,https://asta.hhu.de/kultur/goldmucke-die-sommer-open-air-konzertreihe-2019/,Gold-Mukke Sommer Open-Air,,
lion,vonw,1,2018,https://www.festivalsunited.com/festivals.php?op=showf&rocken-am-brocken-2018&fid=5431,Rocken am Brocken,,
lisa,leon,1,2019,https://www.festivalsunited.com/festivals.php?op=showf&reeperbahn-festival-2019&fid=6646,Reeperbahn Festival,,
lisa,ster,1,2019,https://archiv.fusion-festival.de/2019/de/2019/programm/band.html,Fusion,,
lisa,vonw,1,2019,https://www.maifeld-derby.de/line-up/history,Maifeld Derby,,
milk,mill,1,2017,https://www.festivalhopper.de/festival/tickets/highfield-2017.php#lineup,Highfield,,
milk,mill,1,2018,https://www.festivalhopper.de/festival/tickets/deichbrand-rockfestival-am-meer-2018.php#lineup,Deichbrand Rockfestival am Meer,,
milk,mill,1,2018,https://www.festivalhopper.de/festival/tickets/kosmonaut-festival-2018.php#lineup,Kosmonaut Festival,,
milk,mill,1,2018,https://www.festivalhopper.de/festival/tickets/rock-im-park-2018.php#lineup,Rock im Park,,
milk,mill,1,2018,https://www.festivalhopper.de/festival/tickets/rock-am-ring-2018.php#lineup,Rock am Ring,,
milk,olli,1,2015,https://www.festivalhopper.de/festival/tickets/hurricane-festival-2015.php#lineup,Hurricane Festival,,
milk,olli,1,2015,https://www.festivalhopper.de/festival/tickets/southside-festival-2015.php#lineup,Southside Festival,,
milk,olli,1,2018,https://www.festivalhopper.de/festival/tickets/kosmonaut-festival-2018.php#lineup,Kosmonaut Festival,,
milk,razz,1,2016,https://www.festivalhopper.de/festival/tickets/das-fest-karlsruhe-2016.php#lineup,DAS Fest Karlsruhe,,
milk,razz,1,2018,https://www.festivalhopper.de/festival/tickets/deichbrand-rockfestival-am-meer-2018.php#lineup,Deichbrand Rockfestival am Meer,,
milk,rika,1,2017,https://engelsburg.club/program-punkt/rikas-live/,Vorband auf Tour (Rikas bei Milky),,
milk,rika,1,2018,https://www.festivalhopper.de/festival/tickets/kosmonaut-festival-2018.php#lineup,Kosmonaut Festival,,
milk,schm,1,2015,https://www.festivalhopper.de/festival/tickets/hurricane-festival-2015.php#lineup,Hurricane Festival,,
milk,schm,1,2015,https://www.festivalhopper.de/festival/tickets/southside-festival-2015.php#lineup,Southside Festival,,
milk,schn,1,2016,http://www.msdockville.de/,Dockville,,
milk,tonb,1,2015,,Hurricane Festival,,
milk,tonb,1,2015,http://www.southside.de/,Southside Festival,,
milk,tonb,1,2017,https://www.festivalhopper.de/festival/tickets/highfield-2017.php#lineup,Highfield,,
milk,tonb,2,2019,Vertigo,gleiches Label,,
milk,vonw,1,2017,https://www.festivalhopper.de/festival/tickets/highfield-2017.php#lineup,Highfield,,
milk,vonw,1,2017,https://www.festivalhopper.de/festival/tickets/traumzeit-festival-2017.php#lineup,Traumzeit Festival,,
milk,vonw,1,2017,https://www.festivalticker.de/festivals/feel_festival/archiv/,Feel Festival,,
milk,vonw,1,2018,https://www.festivalhopper.de/festival/tickets/deichbrand-rockfestival-am-meer-2018.php#lineup,Deichbrand Rockfestival am Meer,,
milk,wand,2,2019,Vertigo,gleiches Label,,
milk,wand,1,2016,https://www.festivalhopper.de/festival/tickets/das-fest-karlsruhe-2016.php#lineup,DAS Fest Karlsruhe,,
mill,mine,1,2019,https://www.festivalhopper.de/festival/tickets/szene-open-air-2019.php#lineup,Szene Open Air,,
mill,olli,1,2018,https://www.festivalhopper.de/festival/tickets/kosmonaut-festival-2018.php#lineup,Kosmonaut Festival,,
mill,razz,1,2016,https://www.festivalhopper.de/festival/tickets/deichbrand-rockfestival-am-meer-2016.php#lineup,Deichbrand Rockfestival am Meer,,
mill,razz,1,2016,https://www.festivalhopper.de/festival/tickets/asta-sommerfestival-2016.php#lineup,AStA Sommerfestival,,
mill,razz,1,2016,http://www.wattenschlick.de/,Wattenschlick Festival,,
mill,razz,1,2016,https://www.festivalticker.de/festivals/feel_festival/archiv/,Feel Festival,,
mill,razz,1,2018,https://www.festivalhopper.de/festival/tickets/deichbrand-rockfestival-am-meer-2018.php#lineup,Deichbrand Rockfestival am Meer,,
mill,rika,1,2017,https://www.festivalhopper.de/festival/tickets/rocken-am-brocken-2017.php#lineup,Rocken am Brocken,,
mill,rika,1,2018,https://www.festivalhopper.de/festival/tickets/kosmonaut-festival-2018.php#lineup,Kosmonaut Festival,,
mill,schm,1,2017,https://www.festivalhopper.de/festival/tickets/mini-rock-festival-2017.php#lineup,Mini Rock Festival,,
mill,schm,1,2017,https://www.festivalhopper.de/festival/tickets/helene-beach-festival-2017.php#lineup,Helene Beach Festival,,
mill,schm,1,2017,https://www.festivalhopper.de/festival/tickets/blank-it-open-air-2017.php#lineup,Blank It Open Air,,
mill,schn,1,2016,https://www.festivalhopper.de/festival/tickets/rock-am-ring-2016.php#lineup,Rock am Ring,,
mill,schn,1,2016,https://www.festivalhopper.de/festival/tickets/rock-im-park-2016.php#lineup,Rock im Park,,
mill,schn,1,2017,"https://www.weser-kurier.de/bremen/breminale_artikel,-breminale-gibt-bandpaket-bekannt-_arid,1590050.html",Breminale,,
mill,tonb,1,2017,https://www.festivalhopper.de/festival/tickets/highfield-2017.php#lineup,Highfield,,
mill,tonb,1,2017,https://www.festivalhopper.de/festival/tickets/hessentag-2017.php#lineup,Hessentag,,
mill,tonb,1,2018,https://www.festivalhopper.de/festival/tickets/open-flair-festival-2018.php#lineup,Open Flair Festival,,
mill,tonb,2,2018,Vertigo,gleiches Label,,
mill,vonw,1,2016,https://www.festivalhopper.de/festival/tickets/asta-sommerfestival-2016.php#lineup,AStA Sommerfestival,,
mill,vonw,1,2016,https://www.festivalticker.de/festivals/feel_festival/archiv/,Feel Festival,,
mill,vonw,1,2016,http://www.wattenschlick.de/,Wattenschlick Festival,,
mill,vonw,1,2017,https://www.festivalhopper.de/festival/tickets/highfield-2017.php#lineup,Highfield,,
mill,vonw,1,2017,https://www.festivalhopper.de/festival/tickets/fritz-die-neuen-deutschpoeten-2017.php#lineup,Fritz - Die Neuen Deutschpoeten,,
mill,vonw,1,2017,https://www.festivalhopper.de/festival/tickets/puls-open-air-2017.php#lineup,PULS Open Air,,
mill,vonw,1,2017,https://www.festivalticker.de/festivals/feel_festival/archiv/,Feel Festival,,
mill,vonw,1,2017,http://www.dieneuendeutschpoeten.com/,Die neudeutschen Poeten,,
mill,vonw,1,2018,https://www.festivalhopper.de/festival/tickets/deichbrand-rockfestival-am-meer-2018.php#lineup,Deichbrand Rockfestival am Meer,,
mill,vonw,1,2019,https://www.festivalhopper.de/festival/tickets/taubertal-festival-2019.php#lineup,Taubertal Festival,,
mill,vonw,1,2019,https://www.festivalhopper.de/festival/tickets/szene-open-air-2019.php#lineup,Szene Open Air,,
mill,wand,1,2015,https://www.festivalhopper.de/festival/tickets/berlin-independent-night-2015.php#lineup,Berlin Independent Night,,
mill,wand,1,2015,https://www.festivalhopper.de/festival/tickets/reeperbahn-festival-2015.php#lineup,Reeperbahn Festival,,
mill,wand,1,2015,https://www.festivalhopper.de/festival/tickets/co-pop-2015.php#lineup,C/O POP,,
mill,wand,1,2015,https://www.festivalhopper.de/festival/tickets/feel-festival-2015.php#lineup,Feel Festival,,
mill,wand,1,2015,https://www.festivalhopper.de/festival/tickets/pfingst-open-air-2015.php#lineup,Pfingst Open Air,,
mill,wand,1,2018,https://www.festivalhopper.de/festival/tickets/open-flair-festival-2018.php#lineup,Open Flair Festival,,
mine,leon,1,2016,https://www.festivalhopper.de/festival/tickets/bochum-total-2016.php#lineup,Bochum Total,,
mine,leon,1,2019,https://www.facebook.com/events/2066716783644368/,Nah am Wasser,,
mine,olli,1,2015,https://www.festivalhopper.de/festival/tickets/new-fall-festival-2015.php#lineup,New Fall Festival,,
mine,olli,1,2015,https://www.festivalhopper.de/festival/tickets/traumzeit-festival-2015.php#lineup,Traumzeit Festival,,
mine,razz,1,2016,https://www.festivalhopper.de/festival/tickets/bochum-total-2016.php#lineup,Bochum Total,,
mine,razz,1,2016,https://www.festivalhopper.de/festival/tickets/traumzeit-festival-2016.php#lineup,Traumzeit Festival,,
mine,razz,1,2017,https://www.festivalhopper.de/festival/tickets/bochum-total-2016.php#lineup,Bochum Total,,
mine,rika,1,2018,https://www.facebook.com/events/419139765193087/,PULS Startrampe,,
mine,rika,1,2019,https://www.festivalhopper.de/festival/tickets/dockville-2019.php#lineup,Dockville,,
mine,rika,1,2020,https://www.munichmag.de/events/social-sofa-festival-mit-faber-mine-ok-kid-rikas-uvm/,Social Sofa Festival,,
mine,vonw,1,2016,https://www.festivalhopper.de/festival/tickets/bochum-total-2016.php#lineup,Bochum Total,,
mine,vonw,1,2017,https://www.festivalhopper.de/festival/tickets/kosmonaut-festival-2017.php#lineup,Kosmonaut Festival,,
mine,vonw,1,2017,https://www.festivalhopper.de/festival/tickets/bochum-total-2016.php#lineup,Bochum Total,,
mine,vonw,1,2019,https://www.festivalhopper.de/festival/tickets/szene-open-air-2019.php#lineup,Szene Open Air,,
mine,vonw,1,2019,https://www.festivalhopper.de/festival/tickets/dockville-2019.php#lineup,Dockville,,
mine,wand,1,2015,https://www.festivalhopper.de/festival/tickets/traumzeit-festival-2015.php#lineup,Traumzeit Festival,,
mine,wand,1,2019,https://www.festivalhopper.de/festival/tickets/deichbrand-rockfestival-am-meer-2019.php#lineup,Deichbrand Rockfestival am Meer,,
olli,razz,1,2018,https://www.festivalsunited.com/festivals.php?op=showf&rocken-am-brocken-2018&fid=5431,Rocken am Brocken,,
olli,razz,1,2018,https://www.be-subjective.de/events/vorberichte/pre-nah-am-wasser-open-air-2018/,Nah am Wasser,,
olli,rika,1,2018,https://sensor-magazin.de/summer-in-the-city-olli-schulz-am-17-august-auf-der-zitadelle/,Vorband auf Tour,,
olli,rika,1,2018,https://www.be-subjective.de/events/vorberichte/pre-nah-am-wasser-open-air-2018/,Nah am Wasser,,
olli,rika,1,2018,https://www.festivalhopper.de/festival/tickets/kosmonaut-festival-2018.php#lineup,Kosmonaut Festival,,
olli,schm,1,2015,https://www.festivalhopper.de/festival/tickets/hurricane-festival-2015.php#lineup,Hurricane Festival,,
olli,schm,1,2015,https://www.festivalhopper.de/festival/tickets/southside-festival-2015.php#lineup,Southside Festival,,
olli,schm,1,2015,https://www.festivalhopper.de/festival/tickets/taubertal-festival-2015.php#lineup,Taubertal Festival,,
olli,schm,1,2015,http://www.open-flair.de/,Open Flair Festival,,
olli,schm,1,2016,https://www.festivalhopper.de/festival/tickets/highfield-2016.php#lineup,Highfield,,
olli,schn,1,2016,https://www.festivalhopper.de/festival/tickets/kosmonaut-festival-2016.php#lineup,Kosmonaut Festival,,
olli,schn,1,2018,https://www.nordkurier.de/kultur-und-freizeit/olli-schulz-und-schnipo-schranke-auf-dem-fusion-festival-2032365906.html,Fusion Festival,,
olli,tonb,1,2015,https://www.festivalhopper.de/festival/tickets/kieler-woche-2015.php#lineup,Kieler Woche,,
olli,tonb,1,2015,,Hurricane,,
olli,tonb,1,2015,http://www.southside.de/,Southside Festival,,
olli,tonb,1,2018,https://www.swr3.de/das-fest/mando-diao-olli-schulz-marteria--gloria-strmen-den-hgel-100.html,Das Fest,,
olli,vonw,1,2016,https://www.festivalhopper.de/festival/tickets/kosmonaut-festival-2016.php#lineup,Kosmonaut Festival,,
olli,vonw,1,2018,https://www.festivalhopper.de/festival/tickets/appletree-garden-festival-2018.php#lineup,Appletree Garden Festival,,
olli,vonw,1,2018,https://www.festivalhopper.de/festival/tickets/rocken-am-brocken-2018.php#lineup,Rocken am Brocken,,
olli,vonw,1,2018,https://www.swr3.de/das-fest/mando-diao-olli-schulz-marteria--gloria-strmen-den-hgel-100.html,Das Fest,,
olli,vonw,1,2018,https://www.festivalsunited.com/festivals.php?op=showf&rocken-am-brocken-2018&fid=5431,Rocken am Brocken,,
olli,wand,1,2015,http://www.traumzeit-festival.de/,Traumzeit Festival,,
olli,wand,1,2016,https://www.festivalhopper.de/festival/tickets/highfield-2016.php#lineup,Highfield,,
olli,wand,1,2016,https://www.festivalhopper.de/festival/tickets/kosmonaut-festival-2016.php#lineup,Kosmonaut Festival,,
olli,wand,1,2018,https://www.musikexpress.de/wanda-und-olli-schulz-in-berlin-sympathisch-wie-ein-ganzer-monat-ohne-facebook-1115594/,Gemeinsmer Auftritt,,
prov,leon,1,2019,https://www.festivalsunited.com/festivals.php?op=showf&reeperbahn-festival-2019&fid=6642,Reeperbahn Festival,,
prov,leon,1,2019,https://www.festivalsunited.com/festivals.php?op=showf&bergfunk-open-air-2019&fid=6537,Bergfunk Open Air,,
prov,leon,1,2020,https://www.musikexpress.de/co-pop-xoxo-mit-the-screenshots-blond-das-digitale-festival-findet-vom-21-bis-24-oktober-statt-1625205/,c/o pop xoxo digital,,
prov,lisa,1,2019,https://www.festivalsunited.com/festivals.php?op=showf&reeperbahn-festival-2019&fid=6638,Reeperbahn Festival,,
razz,rika,1,2017,http://www.rocken-am-brocken.de/,Rocken am Brocken 2017,,
razz,rika,1,2018,https://herzmukke.de/magazin/malzwiese/,Malzwiese 2018,,
razz,rika,1,2018,https://www.be-subjective.de/events/vorberichte/pre-nah-am-wasser-open-air-2018/,Nah am Wasser 2018,,
razz,schm,1,2015,http://www.kosmonaut-festival.de/,Kosmonaut Festival 2015,,
razz,schm,1,2015,http://www.rocken-am-brocken.de/,Rocken am Brocken 2015,,
razz,schm,1,2015,http://www.rocco-del-schlacko.de/,Rocco del Schlacko 2015,,
razz,schm,1,2017,http://www.rock-am-ring.com/,Rock am Ring 2017,,
razz,schm,1,2017,http://www.rock-am-ring.com/,Rock im Park 2017,,
razz,schn,1,2016,https://de.wikipedia.org/wiki/Rolling_Stone_Weekender,Rolling Stone Weekender 2016,,
razz,schn,1,2017,http://www.rock-am-ring.com/,Rock am Ring 2017,,
razz,schn,1,2017,http://www.rock-am-ring.com/,Rock im Park 2017,,
razz,tonb,1,2019,http://www.blankit.de/,Blankit Festival 2019,,
razz,vonw,1,2016,http://www.das-sommerfestival.de/,AStA Sommerfestival 2016,,
razz,vonw,1,2016,http://bochum-total.de/,Bochum Total 2016,,
razz,vonw,1,2016,http://www.rocken-am-brocken.de/,Rocken am Brocken 2016,,
razz,vonw,1,2016,http://www.wattenschlick.de/,Watt en Schlick 2016,,
razz,vonw,1,2016,https://www.festivalticker.de/festivals/feel_festival/archiv/,Feel Festival 2016,,
razz,vonw,1,2017,http://happiness-festival.de/,Happiness Festival 2017,,
razz,vonw,1,2017,http://www.open-flair.de/,Open Flair 2017,,
razz,vonw,1,2017,http://www.msdockville.de/,Docksville 2017,,
razz,vonw,1,2018,http://www.deichbrand.de/,Deichbrand 2018,,
razz,vonw,1,2018,https://www.festivalsunited.com/festivals.php?op=showf&rocken-am-brocken-2018&fid=5431,Rocken am Brocken 2018,,
razz,wand,1,2015,http://www.kosmonaut-festival.de/,Kosmonaut Festival 2015,,
razz,wand,1,2016,http://www.dasfest.net/,Das Fest 2016,,
razz,wand,1,2016,http://www.juicybeats.net/de,Juicy Beats 2016,,
razz,wand,1,2016,http://www.sigmaringen.de/,SummerNights Festival Sigmaringen,,
razz,wand,1,2016,http://www.rocco-del-schlacko.de/,Rocco del Schlacko 2016,,
razz,wand,1,2016,http://www.taubertal-festival.de/,Taubertal Festival 2016,,
razz,wand,1,2016,http://www.chiemsee-summer.de/,Chiemsee Summer 2016,,
rika,ster,1,2019,https://zipser.at/blog/donaukanaltreiben/,Wiener Donaukanaltreiben 2019,,
rika,vonw,3,2017,https://engelsburg.club/program-punkt/rikas-live/,Vorband auf Tour,,
rika,vonw,1,2019,http://www.msdockville.de/,Docksville 2019,,
rika,vonw,2,2019,n/a,Columbia Records,,
rika,vonw,4,2020,n/a,Sanifair Millionär,,
schm,schn,1,2017,http://www.rock-am-ring.com/,Rock am Ring 2017,,
schm,schn,1,2017,http://www.rock-am-ring.com/,Rock im Park 2017,,
schm,schn,1,2017,http://www.deichbrand.de/,Deichbrand 2017,,
schm,tonb,1,2015,http://www.southside.de/,Hurricane 2015,,
schm,tonb,1,2015,http://www.southside.de/,Southside 2015,,
schm,tonb,1,2016,http://www.rebstock-festival.de/,Rebstock Festival 2016,,
schm,tonb,1,2017,http://www.chiemsee-summer.de/,Chiemsee Summer 2016,,
schm,vonw,1,2016,http://www.reeperbahnfestival.com/,Reeperbahn Festival 2016,,
schm,vonw,1,2017,http://www.taubertal-festival.de/,Taubertal Festival 2016,,
schm,vonw,1,2019,http://www.highfield.de/,Highfield 2019,,
schm,wand,1,2015,http://www.kosmonaut-festival.de/,Kosmonaut Festival 2015,,
schm,wand,1,2016,http://www.highfield.de/,Highfield 2016,,
schm,wand,1,2016,http://www.dieneuendeutschpoeten.com/,Die neuen Deutschpoeten 2016,,
schm,wand,1,2017,http://www.deichbrand.de/,Deichbrand 2017,,
schm,wand,1,2017,http://www.chiemsee-summer.de/,Chiemsee Summer 2017,,
schn,ster,1,2016,http://www.puch-openair.de/,Puch Open-Air 2016,,
schn,vonw,1,2016,http://www.kosmonaut-festival.de/,Kosmonaut Festival 2016,,
schn,vonw,1,2017,https://www.jazzclub-leipzig.de/kategorie-jazzkalender/jazzkalender-termine/campusfest-10/,Campusfest Leipzig 2017,,
schn,vonw,1,2018,http://www.fusion-festival.de/,Fusion Festival 2018,,
schn,wand,1,2015,http://www.wattenschlick.de/,Watt en Schlick 2015,,
schn,wand,1,2016,http://www.kosmonaut-festival.de/,Kosmonaut Festival 2016,,
schn,wand,1,2016,https://www.events.at/e/wanda-w-truemmer-und-schnipo-schranke-the-second-waltz,Gemeinsamer Auftritt,,
schn,wand,1,2017,http://www.deichbrand.de/,Deichbrand 2017,,
tonb,vonw,1,2017,http://www.highfield.de/,Highfield 2017,,
tonb,vonw,1,2018,https://www.swr3.de/das-fest/mando-diao-olli-schulz-marteria--gloria-strmen-den-hgel-100.html,Das Fest 2016,,
tonb,wand,1,2015,http://www.pfingstopenair.de/,Pfingst Open-Air 2015,,
tonb,wand,1,2017,http://www.chiemsee-summer.de/,Chiemsee Summer 2017,,
tonb,wand,1,2018,http://www.southside.de/,Hurricane 2018,,
tonb,wand,1,2018,http://www.southside.de/,Southside 2018,,
tonb,wand,1,2018,http://www.open-flair.de/,Open Flair 2018,,
vonw,wand,1,2016,http://www.kosmonaut-festival.de/,Kosmonaut Festival 2016,,